"y","x_1","x_2","x_3","x_4","x_5","x_6","x_7","x_8","x_9","x_10","x_11","x_12","x_13","x_14","x_15","x_16","x_17","x_18","x_19","x_20"
19.9478052731802,0.230901628245128,-0.299619663763777,-0.0770422584822761,-0.0997969689612877,-0.421896582253742,-0.346762566605755,-0.7701155339799,-0.131188974469847,-1.29235895728038,-0.549200099834488,-0.824506141432713,-0.234382381825591,-1.11177632318514,-0.62873076266295,-0.639057715708216,-0.565171873022981,-0.0758431436738769,1.47433994325831,-0.0220484788020823,-0.577865807079442
25.745405356954,0.559897917634452,0.323345109298121,0.431388281072059,0.659037772258872,-0.381668519108377,-0.270438221417267,0.273633113901025,0.685576617897781,0.249030314169591,0.566008570182527,0.512861904319707,1.21807815757248,-0.802905061882514,0.0606049627305021,1.32518867296084,0.164129935167873,0.288176317051346,-0.278765917211317,-0.0364651637048058,0.40894854733879
8.9734041220075,-0.603494470217892,-0.877350374526326,-1.18439850323624,-0.845854314696262,-1.2205028042675,-0.822961487724734,-1.78573074833833,-0.599251328817903,-0.664174457992553,-0.290024133805976,-1.18395702077701,1.12282012346314,-1.06686801333648,-1.17193265621747,-1.14868352409477,-0.246661457353232,-1.03284890691287,-0.7622339415276,-1.69592562970238,-0.994772558832098
15.6937829828062,-0.664620771588881,-0.452108731995594,0.0451394858378277,-1.64458336038277,0.374471941167211,-0.533766712417285,-0.63689956015169,-0.158954202131992,-0.733677137399757,-1.60428760006185,-0.857619110906726,0.951851491116296,-0.657810936332237,-0.603414950943579,-1.6136444229123,-0.848453882142837,-1.67385219267498,-0.521831421876435,-0.760951665118832,-1.2848739053182
12.9011839248161,-0.0815858235259964,-1.0199965130889,-0.155536411119014,-1.15291805112368,0.991017997769335,0.00683192143012794,-0.571332862375296,-1.57773940263295,-0.618770910721155,-0.498932007589053,-0.422190726493919,0.103411087492997,-0.591590336566662,-1.7476554509456,-1.15025552554943,-0.442269412588594,-0.172164061507232,-1.45105059990689,-0.762990476616216,0.00761283727363363
23.8497794524735,-0.273845935878847,-0.13201569795353,0.23526011339958,0.379785885870041,1.37581334552257,0.429686688503536,-0.397084677901669,0.278951217565784,-0.000206583972973545,0.220961487627739,-0.11148156983049,-0.448442735769839,0.418831036290473,0.350726350387428,0.568146188344372,-0.600073257025719,0.508875335754533,-1.40858828340854,0.0937001410857164,0.0615394044291185
32.3259587973494,1.01848271372183,0.706890716771073,0.852244316669791,0.954583532351181,-0.0157618866273867,0.507935642677326,-0.292135576413082,0.178049289044828,1.02225943436802,0.804197574850001,1.34172462325863,1.64146174615813,0.588383871753952,1.11054371399907,1.47697355761856,0.539102557648278,1.34258741230984,-0.285772363288531,0.916153383069916,-0.0363351961693347
26.6261237173213,0.0915823296564266,0.462645373927033,0.127003006852027,0.339016425331714,0.139529449369285,0.0351048477055464,-0.622708418380515,-0.379969570025303,-0.118360259774884,0.783103026664485,-0.214627917142074,0.283091064715803,0.450695310996704,0.304062741877383,0.875058431449766,0.659249612404619,0.113975610450148,0.296592858111751,0.221898162586568,-0.140978845724088
30.7208508495966,0.592603706602124,0.499075907960314,-0.0738295975749997,0.360575357849547,0.568247158610824,0.204018898485282,0.966356579211693,0.420411540365572,-0.157299263163654,0.547368983671216,0.654375931483199,-1.37919484196985,0.485543608097151,0.56459269271611,0.826105143022018,0.604621845307166,1.28826397423644,-0.796925982151065,1.3814865058107,-0.249134887738813
40.6329211212458,1.0688128785467,1.37410029671967,1.59338806491978,1.1689118575508,0.99969079636771,1.66828238884961,2.04335450789215,1.87990121933856,1.99712421322351,2.00989705531975,1.00208359047247,-1.97018933710393,1.36703698704431,2.21999143003224,1.89996426398118,0.657525090866843,1.39708954847396,0.537973428471826,1.9641314610544,1.62242172196438
29.1176646579,-0.771978103510879,-0.00952660334944868,0.310462300599027,-0.337129734965724,0.646172994424949,-0.645796033749573,-0.237064494729442,-0.256638677778958,-0.00637870784081276,-0.0493660869389923,-0.726567587907489,0.340700517012579,0.907038504424998,-0.38005158563201,-0.239394801529736,-0.824239697687547,-0.473143218809833,1.95246425663725,-0.303766837569567,-0.0965708256704498
22.6639639470729,-0.15560211810575,-0.640545941154558,0.362891404139036,-0.369209307741744,-0.648750009877182,-0.167120058175424,-0.186085379006314,-0.647650488423513,-0.857430518013452,-1.05998429662813,-0.547060740719666,-1.19718157338049,0.0318889957688393,-0.547075887940408,-0.258752211389631,-0.033757038982343,-0.30988301030237,0.714728915145759,-0.108353085331243,-0.122136195149059
4.45187447707568,-0.991470147642261,-0.200803670520197,0.361354086064508,-0.778761601033044,-1.78990582127178,-0.348631949653069,-0.653861461098625,-0.443311438074632,-0.806394944813409,-0.659958278379323,-0.448532555685839,0.638578565541275,-0.606562892541521,-0.0798404619144208,0.673986963144288,-0.176244133134021,-0.547459779042266,0.331628528370668,-0.225673635257804,-0.543427926221464
7.97939043833657,-0.725635502035404,-0.86740765416213,-1.28438576508194,-1.70887357893834,1.51653019442119,-1.71604820006233,-1.56341800035476,-2.03329863699627,-0.945466433559107,-2.00171592208189,-1.15275191418165,-1.20866988974961,-1.02671566867737,-0.725261536654195,-1.53492430818328,-1.72599494517472,-1.3635988343067,-0.591186189344087,-1.23585295780509,-1.39708171992544
12.5261710843528,-0.267244602893281,-0.548990993025213,-0.435451601208413,-1.24672342269445,-0.0641578993345171,0.0912670371256167,-0.624864116454611,-0.827448834851102,-0.92313665130419,-0.594879086876696,-0.399458430686772,0.692605559304851,0.260978237365779,-0.083908627516607,-0.982810423991737,-0.554432182578299,-0.00551484779341478,-0.595116805233296,-0.482888750301041,-0.215101036853258
15.1485957182262,-0.221961789390619,0.132823430837089,-0.339689195127809,-0.240781955613095,-0.997409470088125,0.182117391405444,0.848971935244025,0.0986567508808311,0.0431941115169151,-0.149089489807085,-0.519540258617617,-1.48875047238519,-0.092173982435261,-0.0757486850029155,-0.297947439762711,-0.0374077138694769,0.110442391453132,-1.11018421901571,-0.118651744121845,0.0420556634797035
21.1784971769796,0.963415271439496,-0.105685949332101,0.535181933806112,0.445122286018648,0.564021567781596,0.00948214442296553,0.969029573869316,0.233436205896669,0.222050784800753,-0.108899081367442,0.703630632153354,-1.65467501534763,-0.435071653833275,-0.0723998200212606,1.56306480014893,0.16164784120548,0.454469096607393,0.476177741561661,0.331690954778223,1.04894390590763
35.7608615703696,1.06957161265153,1.50075898433773,2.36866571642465,0.980482657622186,0.0443492570253755,1.86774430579328,0.953995033739026,1.67501847526529,2.01393709478391,1.56817651391008,0.98151788513581,1.98878405508986,1.74274061053424,1.96268497277023,1.60530369589851,1.61484271573941,1.31879526351929,-1.09923705110555,2.28905098785853,2.42590399370878
17.4830316215904,-0.317954394777981,-0.714468205544725,-1.53009488674228,-0.246984985816392,0.460409446687384,-1.16507080947804,-0.965130320283585,-0.10669347208435,-0.568978664996596,-0.832066390203287,-0.54546945868486,-0.631094728494966,-0.78912905146151,-0.477646243059213,-0.371026443251355,0.301991118355286,-0.986393261671757,-0.358455051634896,-0.538028825620398,-0.286161512426717
20.9621500671179,-0.763849753585972,-0.659275810960743,-0.824978344834291,0.359865932290387,0.759628772267973,-0.362181399203091,0.225822436496157,0.36313212468335,-0.464461220456532,-0.146485884069566,-0.457550879847655,0.619255464452703,-0.5110124110678,-0.523585287347577,-0.221167227891745,-0.757028974224146,-0.292533253355944,0.444552344046549,0.542337860064641,-0.330526747589712
2.87782956922632,0.0253176756989082,-0.185548009781339,-0.575730398778549,-0.350199049869252,-1.30814933927453,0.265500893409302,0.0502808011387065,-0.413314320995946,-0.659403207072103,-0.120026068570243,-0.915441984543361,-0.0852404232901465,-0.425381114428779,0.272939649793545,0.592355392683031,-0.611243495770573,-0.343554086829248,0.0964052200230914,-0.638833995981565,-0.62146222477773
20.0262082005369,0.763760273269147,0.556682336678727,0.595535430775743,0.390166632095846,0.689872562943161,0.427415670161353,-0.160887180993012,-0.575984774330748,0.0765418352495677,0.0790768355300677,0.318450354253473,-0.589316291840052,-0.226613073626133,-0.295647621155726,0.734312605331525,1.23017935374424,-0.188585330671081,0.384587228297543,-0.411005091873725,0.952131391605046
7.27172869225239,-1.06981854461865,-1.66210385768679,-1.59036846030229,-1.12943489145015,-1.13188787263342,-1.92938623468516,-0.972102618986686,-1.78592990457486,-1.79611590498701,-1.57478712936509,-1.08604719174748,1.67481444889007,-1.57253297960224,-2.24607035193794,-1.45877690399895,-0.931885009604535,-1.26331982454918,-2.36883264451441,-1.30471803944188,-2.37428532948999
24.850270182718,-0.498443757411182,1.36829909236698,0.78383924986485,0.727403084557278,-1.04896909516497,0.445672324584867,1.09238383545282,0.991686108196063,1.59244926366019,0.634526088224117,0.599379672965005,-0.504164444668367,0.250140582974945,0.89825551291782,0.428372097687888,0.139370069171516,0.209466565275802,1.32962575113574,0.217598559294156,0.850153110322385
18.526374562258,1.28351774462068,0.62108334910006,0.901107391741119,0.827663666707588,-0.538562270637214,1.00012064274049,1.19870638839265,1.02560861453972,0.730425820415589,1.17727958436043,1.45902024986654,-0.557066342381515,1.12008595952367,-0.563614435508698,1.40945639876871,0.685770753025381,1.75311251651869,-0.0142831259921518,0.707324643542872,0.453791232137845
30.0807714752628,-1.32093624741761,-0.831137409508398,-0.792493869840469,-0.661092631564629,0.876662193323515,-0.643015419423285,-0.212939913481891,-0.75905074790837,-0.596938518395629,-0.772386055179296,-0.0439338862365588,-2.17725285489716,-0.23016464903406,-0.695970202252277,0.0603759782823783,-1.32980045315473,-0.885085742080866,1.64355719404626,-0.130315422495409,-0.177499084404151
17.6971422083469,-1.76104304412183,-0.815619055972447,0.0694311029324173,-1.2661382739018,-0.238221319837356,-0.79854871734882,-0.359936776611685,-0.713630004856853,-1.08812275017948,-2.0384942106873,-0.0764543612961055,1.00542547053427,-0.868573896475293,-0.651329833317293,-1.35478127126376,-0.995336774517761,-1.40586374526149,-2.24138634188092,0.109147287579656,-0.880918255487218
27.7866161052932,0.377678154107351,0.265944163281532,0.911583138439808,1.64382773930998,-0.0753760046264905,-0.185218744382607,0.587215528208537,0.0411395405273121,1.21857660528387,-0.0740983089862545,0.186048431204488,-0.446377403113435,0.753274607545319,0.805704546471044,0.199942695572665,0.128488126540877,0.0604548820987758,-0.122694235193715,1.30448830551691,0.369961297908299
26.5965796009808,0.965050281884534,0.927284056469996,0.980199862795665,1.59689031720714,0.919492538497906,0.536798373887066,1.05461887101472,0.452541049935398,1.13445495369794,1.05878476748938,1.55167538124472,-0.58461909842179,1.25315755007574,1.03128996751024,0.567645954669687,1.00133892047672,1.79548571793297,0.990587631727543,0.442682181711133,0.788753222589428
9.78437007217386,-2.29086412810923,-1.70085410536664,-1.98642643301433,-2.58438680208011,-0.938103840211485,-2.19341366694165,-2.15640962036034,-2.00667423780934,-2.69374033067579,-1.99552233963803,-2.0604878997063,0.767921596408628,-2.72389923321571,-2.53580999163872,-2.72034826041547,-1.12865746117483,-2.04202718358524,-0.353204144081108,-2.01473007628316,-2.43111708747438
18.3889284136956,-1.31255709658704,-0.500466029407502,-0.725816907235838,-0.551053588429668,1.60475537590644,-1.74870876024528,-0.0561521752975965,-0.274437878566707,-0.295672676260979,-1.25471698804227,0.133867291448779,-0.15913772684699,-0.887593319634957,-0.572159819767188,-0.505752522765826,-0.574619652212658,-0.75295509745879,-0.93261780937378,-0.528573903386101,0.0968156661912486
13.9590275961722,0.812221070758856,0.412783583308457,0.879920279672531,-0.656475883662892,-0.631807765659567,-0.444175036360161,0.416090626489477,0.199667554756141,0.205919298599524,-0.0372140054086879,0.352507675419509,1.02666862148262,-0.248667174647843,0.521796251218377,-0.923658261614289,-0.111302327102577,-0.212335356236919,-0.590575217902677,0.308742181979695,0.339389734538491
20.344191971911,1.30869692718576,1.19074437667943,1.25458214391498,0.236332310752253,-2.42800854707095,0.450425117382939,-0.0896196895653959,1.21786817031253,0.462382608565684,1.75916873821928,1.16143687817704,-0.933033391232681,1.49554748923779,0.132278762091655,-0.482791775686115,0.704594372247433,1.41099811920665,-0.715378162690888,1.27081601141303,0.968985338835394
16.8611377537927,0.850234809094689,0.542085367913006,0.219958945158401,0.110573794013142,-0.0627028862061671,-0.122714986793991,-0.194028297613025,-0.103806190792317,0.0976988571262788,0.485758109211874,0.403975379186218,0.0204192871319966,0.430862611486058,-0.200775469310428,0.0948666694666641,0.20228608234319,0.158498541300239,-1.41106923170617,0.432496838306545,0.543439994018251
17.564315606091,-0.680264719668292,-0.116795623517704,0.0879982282396709,0.352480777393389,0.138202438660151,-0.757924829221013,-1.13757261189151,0.060779063947944,-0.281450086236894,-0.172763141418508,-0.653334412999879,0.0938834678796536,0.0304733187426336,-0.792843351235499,-0.0491206591981908,-0.343594349900957,-0.378155188069572,-1.17995476657128,-0.667591768974375,0.42403242732741
13.848656733483,-1.34170877185722,-1.87356573449171,-0.717900068830949,-1.44995114386079,-0.782747328926318,0.118298287307316,-1.08585749044073,-1.02396129882649,-1.25815764586744,-1.84040494109736,-1.69651367528242,1.39092886614604,-1.14378405942683,-0.393996980801551,-1.7169069444792,-1.32723631013441,-1.58191868664022,-0.251785174570004,-1.66008695932766,-1.75528284682378
15.2417385262979,-1.47612119457993,-1.52653351553704,-1.20607936562206,-1.32311259727626,-0.189923986904603,-1.07191822290456,-1.25121087617502,-1.11173656568262,-1.25898853049147,-0.926230661387748,-0.614647432916441,0.0607254037357745,-1.33738429208016,-1.39536902816273,-0.86164066416302,-1.10265052767142,-1.71472570756857,-0.448354169593646,-0.623906162418732,-0.548016511814667
14.2561774910763,0.440271770390565,0.81485882672664,-0.474196247041819,0.0760118663646629,0.0150469380509399,0.00510012358385399,0.0223305531941029,0.435086219931161,0.462164787925476,0.672827864052758,-0.067768276276804,-0.348193755154999,0.392231937770503,-0.189885697350178,0.206099162804524,0.138941853743164,0.121151867073104,-0.0889679401096239,0.227533246886115,0.977811092123201
22.0403963734927,1.71932159984414,1.76394746586772,0.942786373425984,0.951719037959084,0.416617217815999,0.679153411860486,1.42839398000076,1.36342753481897,0.157676176861417,1.2051193460689,0.252584957915332,-0.0766234316554141,1.00170635855338,1.0200809427954,1.78451044732392,1.17610802642281,1.12277464037992,1.12188591980048,1.76459757200859,1.51749028811058
16.3418896300503,-1.16908973693974,-0.765490729225084,-0.525861286141953,-0.621715500101685,0.0513674965123128,-0.430042980071552,-0.785621718909718,-1.25628065476391,-1.15489102521363,-0.894167680030083,-0.376001370507608,0.829625927289923,-1.56574613150748,-1.10840540064681,-1.18672267363655,-1.81418594229602,-0.950376139803612,0.726660408301211,-0.68404021863397,-1.19492086446267
22.6793815128196,0.186657998848848,0.2559912865782,-1.08692622434121,0.309113480316776,-0.176959944998135,0.0178635434099361,0.737378217049936,-0.122696901915145,0.303496042273377,-0.234356024681423,0.1562824138705,1.22769824302424,-0.173742621566825,0.361547188499082,0.258505334042008,-0.492599243564097,0.135218570456646,0.533626795401226,-0.0475912793181626,0.434786589573327
19.4104996046099,-0.084198433960361,-0.151941567188017,0.522688051924123,0.689012895323701,0.872957337242796,-0.0679350116257122,0.461014036374118,0.646192923279331,0.164671692000296,0.0075705309031219,0.699068491116227,0.152456542550301,0.686539138290758,0.0166645830841505,0.523964242178545,0.0774901096013662,-0.413337519399005,-0.18329271968281,-0.320275246845839,-0.0669279099374205
19.6374563299899,1.85592384636137,1.25305151379856,1.35834965960234,1.56262522370132,0.0917441147038283,1.70392706390645,1.37735127138458,1.47462265039257,0.473837135161878,1.16017478626275,1.61180656318477,0.249598893795248,1.68783354186368,0.457249847220532,1.09678533444564,1.47996920014743,1.66889904524227,0.689136502494107,0.740094100059841,2.19876104923462
29.6829592961957,0.0395887047618622,0.774399098877479,-0.560424915723382,0.24085012476484,0.27014092961432,0.0864623195811639,0.102786508650121,-0.348612740747934,-0.349772204378445,0.602558584423219,-0.00660152623285231,0.982294557732654,-0.182912757082621,0.0238175871884101,0.367308744591529,0.214658809192262,-0.784983679925451,0.0181838814543513,1.01485089005378,0.45153553920049
14.0762901681966,-0.015105546506871,-0.845579403137264,-0.717559975426877,0.172599812471426,-0.802382894476332,0.42603675322374,0.274488092394378,-1.21563253501935,-0.130210367529947,0.769620601614302,0.468842997051114,0.343522322702484,0.0347424320539458,0.353568853576304,-0.25928702467429,-0.431737625610603,-0.377410533678306,0.866601681795757,0.527323173091994,-0.0361421915368555
17.6739578983797,-1.49012229852514,-1.35766630261891,-1.04767033738408,-0.895285489468075,0.314961423590323,-0.78977302767616,-0.793007901048754,-0.516697330574062,-1.17522293922775,-1.07591457438358,-0.759223006098522,0.548466254817672,-0.379937298756991,-0.785469599782635,-0.302466706129362,-0.958868713747129,0.229858676850063,-1.85896779766945,-0.153235657492741,-0.577108235958062
10.2467191396388,-1.19027449120641,-2.14850514969507,-1.36992925299422,-0.787926226215238,0.444876689429239,-1.53440719913626,-0.949429434717321,-1.08734294219353,-1.91154520786318,-1.18135997184553,-0.641763716089584,-1.01869020878435,-1.02786540237052,-1.19502598556657,-1.65266118029718,-0.941737072448027,-0.22979391830395,-0.170405516868475,-0.870984580730703,-0.751240790835124
8.05454395685173,-0.0672752168513203,0.429896535831346,0.312837504995658,-0.186005967283367,-1.61151911065982,-0.377276495817548,0.336067830122479,-0.4536031495521,-1.00106684202211,-0.848003346862424,0.0109408257113683,1.25075428032644,-0.119296378062861,-0.380145470829355,0.126881477466357,-0.903754630838351,-0.0833345036216655,0.650525284184671,-0.517380069100398,-0.0921171640946897
22.7545265801134,0.0216277201147731,0.70831392076224,1.09220742173325,-0.0295529296071108,0.399558800196868,0.381892612808732,0.629278730413647,1.39325310598264,0.386175484507549,0.488142762810138,0.943195824260718,2.25647556811495,1.44289461049943,1.14627840472578,0.144568285250278,-0.0231405084584136,1.58071503252439,0.733825329466423,0.87690305037263,-0.15444524808869
20.8227421660052,2.21724523973098,1.29660161724543,0.771335434046288,2.04816657777042,-0.757010774164018,0.828039173755683,1.12109358113885,1.45821160457609,1.42191235472214,0.262982770345877,1.10260663548828,0.566194824919648,1.42527044279177,2.29659446878134,1.26579871378865,1.14794311611596,1.71987676028044,-0.414589172470154,1.57428870964093,0.839170841496845
33.0822275424867,0.874798578707991,0.742275591385518,1.35778081036285,1.05226120215335,1.29134416499162,1.2779971738799,1.39689847340279,1.1807773745361,0.997836260466385,1.27168203451653,0.964058912833736,0.717646518719963,0.525760203238977,0.585251821491645,1.33539823492804,0.886881415389696,0.742627615834,-1.90464392213845,0.793223359478742,1.17096593568621
20.591304382917,0.369622370509452,-0.333611075800986,-1.32382391852246,-0.178274804998944,0.94871401274397,-0.434636713568434,-0.220546163495877,-0.121037888358733,-0.740849305885184,-0.586389021698303,-0.108187213995874,-0.0179545203713051,-0.488460896720482,-0.223671435941983,-0.00411985482546111,-1.13679160115025,-0.259747448942939,1.41674448857209,-0.183556968688175,-0.715465972214763
22.1511373762556,-0.866732552037491,-2.04299428231683,-0.620532135628311,-0.36338753883536,-0.0357449648403158,-0.769355538698985,-1.58205988728274,-1.21054129247911,-0.647416739895021,-0.525443159086814,-0.812494387298491,0.465411016916815,-1.16398952459525,-0.698232566724465,-0.854269077107438,-1.16606524537471,-0.729480649336451,0.631238527812779,-0.50066173516488,-1.32700995786805
23.972295746394,-0.605493438094798,0.510626826166966,0.152990487456558,-0.234100585157054,0.685887254415376,0.141616598376478,-0.154690987217339,1.07835751955048,-0.734220606205123,-0.546937234619115,0.467978736161401,-0.273837649149725,-0.560734233540958,0.162628456826232,0.403735228872106,-0.247434711214619,-0.168679102442472,1.30130904447751,0.035725261365195,0.192365142893867
13.4092147700717,-0.586254184212832,-0.299266402500472,-0.61549749311643,-1.5824553648927,0.494358357004275,-1.2650213065701,-1.42929173846513,-0.70422209694633,-1.16709558365454,-0.833362111565672,-1.15416680177016,-1.14945725451534,-1.5378115384094,-0.848406962256422,-1.05318635085362,-1.45342920699409,-1.11069617005521,0.770610621689904,-0.843470018949368,-1.21488488842748
24.2738960829135,0.790805684781112,1.56454164770516,-0.0452245144172682,0.579341118181777,0.179196617101989,1.0521913667724,0.519170072586842,0.221401597890289,0.690952370641942,1.0420914878828,0.0612138254321796,-1.15782809107003,0.776902823806261,0.531721074115306,0.599475962946684,0.0691855096732159,-0.307619132717507,-0.744194360550061,0.768254319362014,-0.179369222883936
18.7831905197091,0.346281456676084,-0.389152699730034,-1.17150386283599,-0.351819552604458,-1.03698118675969,-0.816232083072214,0.406218465520506,-0.0544949824454722,0.647287718302518,-0.518317703271677,0.933295003778582,0.193500529422811,0.341922206192747,0.82974767129557,0.437096193891961,-0.00259714420471228,-0.650989542476342,-0.417203644327883,-0.446302645665625,-0.543133583657955
14.868760118409,-0.494334669178636,-0.419467639125148,-0.982299918671219,-0.304482213998663,-1.51863104753152,0.0267099172020591,0.170949676533285,-0.34624194285167,-0.478511828023538,0.0594811316413248,-1.07315191597933,-2.37960333695266,-1.03681478447801,-0.431094476735649,-1.14336087162386,-0.300614828353164,-1.10653922709884,-1.2491348893006,-0.169063425046456,-0.180362345980111
5.95294774947167,0.366101089800221,0.262652558761448,-0.0709671515471743,-0.395147762809035,0.742148925224643,-0.391032820188592,0.504935098577259,0.0904429761164396,-0.495636085684231,-1.26266915507866,0.18489111714371,0.897054349314462,0.866929460558104,0.00566713088530364,0.640683908140094,0.320358109991802,0.220462113175329,0.618855017304841,-0.531657531923899,0.623138540916751
8.75281861159672,-0.695170724067405,-0.32194716729452,-0.210104769311964,-1.54098114772971,-0.0271366842948617,-1.30577231903618,-0.511381905836639,-0.0582377040374371,-0.37576615183648,0.609269844057111,-0.458385516112338,0.432566523870443,0.0210650191746143,-0.395692512634841,-0.88004683199186,-0.415020768352795,-0.118358330866108,0.182380369659619,-0.307419455402818,0.108542600411072
10.9679725840173,-0.967511440400476,-0.726323698745926,-0.404111217028525,-0.982164252874685,0.817257055945101,-0.475454658239448,-0.541615023402788,-0.105591114573185,0.489019831919404,-0.0695760095759774,0.458826681109996,1.32446140151285,-0.262006606465435,-0.272835206348549,-0.801850301053573,0.372544876866997,-0.425464723204436,-0.88280035610744,-0.664299368512866,-1.29659446403855
29.1328021003428,1.5464323342211,1.41258947671968,1.32765717809364,1.2074034071227,2.01255761662867,1.15858403732182,2.06459116216322,0.971436383525684,1.73101675453068,1.11346039964662,1.3540962832102,1.09550195940484,1.80296952337113,1.40967536093646,1.27087884160333,0.928766736329759,1.06207668176336,-0.191170436570623,1.7627969223714,1.69130708945261
29.5426378021303,0.575491894689404,0.965335014697448,0.834969111506331,1.00396983508428,2.10070275701792,0.909882549413322,0.710041809639586,0.690723726539293,1.01085955565163,1.02887105268175,1.14763611860938,-0.0449174020888783,0.997673939136824,-0.00798920676485422,0.493814553158697,1.12904559325386,1.4642515642734,-1.07723882123139,0.618999561035685,0.824725730568418
18.5921637819362,0.19856275133467,-0.266517600744483,0.369458737220644,-0.927114053926103,0.634965806674939,-1.05565551323498,-0.63750619760605,-0.194337007646468,-0.699575160925247,-0.411623717699265,0.102623500411662,0.689651628669756,-0.551308923875905,-0.0688239989110626,0.398167067098169,-0.553466957229987,-1.17694723877568,1.96310044372483,-0.369999895165408,-0.627875167850662
9.65096658067823,-0.647942960831764,-0.387889927053979,-0.0841546250267522,-0.838665605286484,0.051664095794564,-0.963963084399104,-0.875951875041666,-0.738414007321861,-0.597258571325924,-1.03460481486637,-0.577831466401031,-0.671727853463873,-0.243939524157431,-0.785614980891663,-0.832508682829422,-0.616682337114458,-0.904491582480909,0.804908053035395,-0.55248373548871,-0.908992372548761
21.9035802384495,1.15643637668239,1.5508696336613,0.830405863741316,0.27199040248334,-1.47153522343567,1.16724556722342,0.681031151817839,0.292144039035893,1.45685396053016,0.837558460081006,0.266384377548951,-0.00579477702825311,0.975699335458334,0.812207857981983,0.60526111579204,1.3496912666183,1.44030938726876,2.03776338751163,0.735563818752369,0.244736330664268
17.8606698521751,-0.569583917409256,-1.11890186649651,-0.889940219938139,-1.3651414898762,-0.315393039577786,-0.788690655736331,-1.39884903437071,-1.40724923906125,-0.952740141755521,-0.888243625204413,-0.295737027707436,1.20785150966158,-0.809523351067184,-1.40760606538905,-0.842602723942668,-1.23993133502998,-0.669556591251696,1.33727983726847,-1.11343971856105,-1.07614176721276
4.86992050230502,-1.52209732480651,-2.03944951017761,-1.40876694522553,-1.2042972269086,0.150972317317516,-1.26864478372602,-0.904365342477761,-0.98125869679445,-1.70166268671656,-1.37223835357576,-1.46176516629316,-0.149219487876648,-2.56920207794776,-1.87085894238373,-1.59621883628427,-0.995256062793864,-1.73006242245455,-0.482014849475017,-1.57517228750849,-0.4011034421677
17.1977924444314,0.0171525420242604,-0.817517969592452,-0.489607131623279,-0.765776503253876,0.00353991905435336,-0.531432496046294,-0.432903334605454,-1.07427863428735,-0.543260937795194,-0.937517226917252,-0.52377831690587,-0.0568606842717721,-1.01161385429897,-1.91721654378196,-0.849880370484967,-1.26032340267253,-1.30624482007178,-0.314993477599342,-0.697033545794462,-0.0672606905288294
15.6504897493579,-0.313140970810588,-0.670743230692534,-0.470330026404333,-0.723970353716624,-0.668272228093729,-0.766208735452158,-0.773447370089145,-1.26748343281137,-0.751579047053664,-0.282340966829227,-0.52527483663283,1.69714817616081,-0.525376004915349,-1.31432238617547,-0.0867163698266566,-0.696460945703469,-0.617535543114089,2.09671727373959,-0.285486226104213,-0.422030157406944
0.326535047466347,-1.58645785777401,-1.60373461829955,-0.88211263685312,-0.946962905475554,-0.918282489569121,-1.45715112268115,-1.75547158468308,-0.550989350918533,-0.549228675120885,-0.584592245963384,-0.690825359346554,-0.870846209540543,-1.58106767400414,-0.96870848112417,-0.77419260836355,-1.26470361889281,-1.49749775319549,-0.86958802936891,-1.41664535440563,-1.30513102373233
25.211101767275,1.65865636878067,2.23332301900713,2.097999123097,1.16549706764255,-1.05531190969164,0.47414427935311,1.44679221863435,1.31314440395188,1.46789683700494,1.80210548826267,1.1378416100025,-0.787912716342166,0.949407400855998,1.4415468326959,1.48120301944148,1.61684348050522,1.57645484880325,0.611862329847964,2.02272741977694,0.95263104019385
15.4862547951293,-0.0721169795168962,-0.939472446787417,0.0397863495732517,0.369101457582516,-1.64765390815863,-0.506124794239825,-0.499874957288128,0.20788862926542,0.209342133398199,0.45575460256198,-0.497230795317255,0.408099156296087,0.0642066965742398,-0.316264301798871,-0.110154159488661,-0.350041122065388,-1.09568613325656,1.17170803647626,-0.556066827982634,-0.160043271463972
23.8610950783292,0.471215450224123,-0.198191397747773,-0.293736970096718,0.709457113323193,1.20431889776709,0.824901797972852,-0.0778327758017878,0.143104721475804,-0.208149729329863,0.629292123881321,-0.142852684912987,0.592482466694343,0.256315779408024,-0.080547255946721,-0.187607776695317,-0.138840535914714,-0.28890184379133,-2.24383384304503,0.384962785159093,-0.160258076913938
15.2632507919085,-0.888017025898586,-0.515617666150977,-1.0412570351867,-0.390427831039175,0.0399919151893076,-1.33645599577815,-1.81176540093797,-0.654203383375183,-1.55273587028152,-0.719782184538387,-0.798487842508662,1.53729338835204,-1.25714656340327,0.570448537915208,-0.348720606927332,-1.19479142206232,-1.70701570151725,-0.577140594183492,-0.340112108510614,-1.0283930579219
5.47271509163182,-0.982652666854003,-0.852106537335473,-0.591990271842743,-0.9393615952045,-2.15524919393967,-0.702839733578464,-0.168195734500418,-1.21716641365657,-0.00237109510308321,0.00933575652008564,-0.798288441300786,0.128583385601863,-1.18511063225301,-0.842501869724394,-2.30186832398261,-0.337050580181684,-0.836494187043379,0.0945945232017021,-1.21494136808104,-0.90055376383172
27.5070683417967,0.351375591378737,0.554343306303673,0.997847567324812,0.581190251407492,1.31463779688414,1.08437561696198,0.315084079998445,0.278794083540747,0.135342223935168,0.605864237980312,0.503157818861921,0.136350604125217,1.02532251146409,0.145462266874525,0.509152309041382,0.244632329879715,0.601667907921896,0.0560006102731054,0.913308235907888,0.370608890316373
21.0998781684619,0.253221717220701,-0.122068072527133,-0.104819724085795,0.0128206677295428,-1.18299274748475,-0.275923772301197,-0.374888495641302,-0.433782100425574,0.886754898277138,-0.482520356536837,-0.475237697930452,-0.512303237518206,-0.615854298222819,0.284405591455681,0.581384038637029,-0.583434726467601,0.34378564128119,0.178737194478861,-0.145910383472722,0.599371281334651
11.5883028200114,-2.11603454584608,-2.04481277172764,-2.3841509296606,-1.74527870374887,-0.509459845225503,-1.31634806740658,-1.76243340896593,-2.54206659770685,-2.34431562940784,-1.02559238913259,-1.91990860342982,-0.516423876164875,-2.77663889182973,-1.51778383783412,-1.06422577371684,-2.71021254871265,-2.88707936262167,-0.727471996723554,-2.2794957731391,-1.11312046361412
26.6411750823487,-0.300917217763083,-0.497235956210017,-0.609335926206485,-1.39607666575582,-1.05538086961254,-0.686709165943681,0.283953632447142,-1.34687832541625,-0.0581516118764792,-1.04624551921121,0.276948719482218,-0.506534524873254,-0.132457450344054,-0.952164615897989,-0.825688637165732,-0.518963152076532,0.317754740810037,-0.120573625182931,0.0244305188110978,-0.777704695730649
5.34827586767427,-1.78228726039832,-1.51489622226806,-0.691571455616852,-1.141793942356,0.270777118814485,-1.34461833348463,-1.76890000171408,-0.818244517138531,-1.96577928902102,-2.00225532959695,-0.77459794396924,-1.68640942565448,-1.23159497965524,-1.82538948707309,-1.65983477112822,-1.33907349639125,-1.33032264637958,1.18396719763889,-1.66263023381015,-0.599334948736982
30.1105235738215,1.10149096315805,1.27141956284382,0.741673580846919,0.20588747138816,0.28016571469283,0.879715337300417,0.219733826221012,0.698443774656183,1.06609182238398,1.00632052718184,0.628497471654609,-0.692992535832239,0.868429650240378,0.51210681740964,0.89690144900397,0.745765542743573,1.24555254705783,0.693524747398761,1.2209466880962,0.227021136003996
6.9857767991255,-2.04716165518456,-1.87734655308656,-0.851085429792472,-1.58922697030544,-1.07493442434783,-1.68383573897158,-1.55484498848669,-1.11881155359351,-1.63795501163808,-1.2437974155842,-1.78040198683362,0.731661925016594,-1.52867318149608,-0.743238586070294,-1.70410908635555,-0.895837948968165,-0.926917546713863,-1.00643994637649,-2.04138963847796,-1.23122513582323
21.7417436283694,-0.86164358117762,-0.446665798195418,0.114011825549869,-0.787221901370233,1.28784254373656,-0.0609769689491999,0.514826640094871,-0.455082440742709,-0.868736152643052,-0.507436640273178,-1.04794612709807,0.717116789506325,0.586173808014773,-0.462827582601069,-0.462559358317109,0.470532072516975,-0.558095090742153,-2.61566963418257,-0.455179254870995,-0.511324707321177
31.3056006934869,0.354748790577249,0.159945048702472,-0.209397470773197,-0.213079792611217,-0.285198758781189,0.517702424487407,-0.455825323792045,-0.158248250645076,0.291336702621711,0.0815288340306779,-0.171890618608217,1.55671178948413,0.150029682929729,0.223705052567806,0.179214270968258,-1.07854885685917,-0.205282329788693,-0.0724082841293958,-0.146160754850505,0.0550494952842902
11.6467888770458,-0.323777720777481,-0.180709205410454,-0.806039886967165,-0.814853743958213,0.659235239797115,-0.470645930298251,-0.616282716773504,-0.478087710333828,-1.07164419341103,-1.00055440720702,-0.0698098721794742,-0.51393600228971,-0.505642199493508,-0.18082997379749,-0.446680690605343,-0.588831827991719,0.0517498840010938,0.324849742758975,-0.735173731734983,-0.689528288951555
17.8571412729568,0.167014055466698,0.175642557890679,-0.729071443400995,0.379814342662207,0.777517410672227,0.372054093271761,-0.134307548111011,-0.160058162460663,0.353869617954516,0.15032174225639,-0.150816099798691,-1.06929299674537,-0.545748890814833,0.308269995021654,-0.243678033938686,0.0177068371506673,-0.255437210887743,0.816731210129603,0.150313484525586,-0.219332813540969
19.9466438472174,0.203252220442146,1.28490856633064,1.38443016880925,0.417632939653594,-1.94047300207841,1.25456348019133,0.928822010399313,0.950762927530089,0.0284408648702208,0.838992200064027,1.39354065612012,0.370678176465171,0.232874816070698,0.947982126104359,1.12735857793515,1.24838459701567,0.447132450536268,1.48188429180843,0.626929259020961,1.46117921510225
17.2785917908485,1.38325557595291,1.13493565277698,1.22477802570881,0.317210373515273,-0.977277265847679,0.784862968719919,1.58383029798515,1.25650270263402,0.946299925936428,0.774120691832301,0.68351748726936,0.795307054682171,0.400428667580033,1.09301636579153,0.339463755892439,0.715476196405857,1.36098574999643,0.768985889355241,0.667748706478429,1.19095397125453
15.9083639537206,-0.341579894178214,-0.527615798229878,0.616415074048477,-1.21408170984422,0.138217790980424,-0.691335229066324,0.435346724805422,-0.872707213351143,-1.02854480159058,-0.0509183740091267,0.618490945500407,-0.0759454047791344,-0.350782587602192,-0.484479694328397,0.040738912623154,0.109847874921283,-0.0968867328955886,-1.20302980522317,0.159962918558886,0.327611361575411
24.7560530907613,-1.00803232604982,-0.752728549623118,-1.07954920325505,-0.725797968919137,0.736409076796372,-0.904869289626154,-0.680615299052294,-0.851299784773556,-1.27802082679964,-0.010268348944505,-1.06988836333796,0.119907495619898,-1.001313661984,0.0295553084043796,-0.443836751743114,-0.60633443780261,-1.28093101560924,0.43979595000727,-1.04713455746611,-1.42582738576227
14.0291058802402,0.431858116064214,-0.455985380846526,-0.0465707909627421,-0.276101487552038,-1.15636842577788,-0.142062041422642,-0.245250437559584,-0.217944465254019,-0.59371360821024,-0.0526572446288878,-0.23979613504674,0.454055463773715,-0.542254981324311,-0.324570975582892,-0.983304611727689,-0.790454849463987,-1.18944821452815,0.64865629027844,-1.4302498919891,-0.207856884648333
16.4810951671516,-0.204385458418559,-0.85160721981593,-0.720637499829058,-0.255597234177487,-0.634436200896875,0.319582356668097,-0.42903899874798,-0.17787174520132,-1.05390441498178,-0.628637626671937,-0.696363518010443,1.23342106666178,-0.86959282835537,-0.138520103554639,-0.251351297157991,-1.21597504041552,-0.161575893918591,-0.921608199750548,-0.584095868595003,-0.594239249464479
13.0078488877205,-1.16284714827335,-0.929022740750076,0.111368250875434,-0.575330223662983,-1.3946235908542,-0.815586591912718,0.428647554338213,0.47943960374164,-0.347380054199239,-0.395773377300822,0.3885575907632,-0.183668891383069,-0.183883158941098,0.323591191014647,0.742093049396657,0.319869979005243,-0.0858894073808892,1.61869882179822,-0.460188860932905,-0.268600965263837
16.5962337804996,-1.02094940542731,-0.464876061021328,-0.471495305125217,-0.328902745121719,-0.542150786887099,-0.569548774036654,-0.663554544466749,-0.209020324873748,-0.343552738083533,-0.12094666357961,-1.40619726182578,-1.64729524335042,-0.897500792402993,-0.563958319566335,-1.0819907946204,-0.633298695619815,-0.300693362855321,-0.200892265548793,-0.675057344118051,-0.0100385900379315
16.9885058389583,-0.546651297224667,-0.203665487224656,-0.404794208617638,-0.617279489106495,0.758293136614055,0.80649068746262,0.141575946061462,0.970817190824076,0.0271771099735816,0.254020893072126,0.631653909246451,-0.799070273139965,0.687552721074568,-0.268844036914888,0.288712485319672,0.422013826278249,-0.167773733254715,0.330143519728203,0.0365931031618322,0.550642349946384
21.9264616542662,0.05905488804736,-0.110483157306517,0.0347681394482876,0.113520869754762,-0.53308416573823,0.669553102910078,0.563147544258788,-0.332296591975464,0.65611156962223,0.535815653179226,1.0271045557226,0.372048634383222,0.956899267187114,0.397500643739193,0.256899366393678,0.0237998764097197,0.713000448024308,0.0401295900420329,0.387625512384619,0.634703842204871
20.5046752597648,-1.03914527587309,-0.208874379514542,-0.22226622981641,-0.0331624287490845,-0.0866412428153742,-0.588865106434658,-0.682987896076732,-0.349355145691774,-0.528157576577308,-0.781460838273946,0.106926948845979,-0.890543824153277,-0.701374134828134,-0.718197392864373,-0.794832304803921,-0.619825745254927,-0.0543963393954912,0.0701188086118177,-0.926874844758816,-0.602843565494514
22.4788579402619,0.788823440254653,1.08383495042657,2.41521708696482,0.923877712219716,-0.864366995122792,1.60855402409967,0.773029571495942,0.877481964812203,1.25512469571699,0.704146123764408,1.08446848110821,0.537617063938789,0.918101946199914,1.36318748109375,1.23564632341355,1.25293106095141,1.06183472646069,-0.806148445554192,1.29542552873925,0.531735935146139
24.9755218613048,0.503666547625363,-0.00145279620851758,0.387082321422278,0.344896450055614,-0.139431199253082,0.54489570162949,0.605772746377548,0.533260726130574,0.243068785166774,0.422335717237511,-0.61337828784115,0.66067690421573,0.613299752142074,-0.282754174300009,0.182040216866088,0.74133900575623,0.513012799104222,-0.284126920770629,-0.090813985937585,0.759806074567237
23.4615965759423,0.748819066579405,0.177166545855272,-0.0605115866321689,0.716318773481968,0.569836397872209,0.822238721331523,0.525020026183183,0.952740677239298,0.71458063471312,0.640737181690196,0.075741337134913,-0.131096602553309,0.19342246287772,0.371777276583728,0.900633114719938,-0.244922028538762,0.323171203857277,-0.845562728074028,0.519347540330006,0.768454913234994
36.0328176254629,0.988618014961574,1.8713256752646,1.0075454214035,0.76552288077577,0.731003317814532,0.789463071224587,0.999019387619787,1.14612586004406,1.01609305625142,1.35108752107421,1.80920398374758,-0.901548510837625,0.509333829644816,1.22996497273301,0.783813098448356,1.46979643078789,1.60208293055774,0.566567354325447,2.01271736384298,1.83477379465185
17.5476494792868,0.544472000608947,-0.642205806189899,-0.988393519534744,-0.036622046721656,-0.775817123930923,-0.930322085937136,-0.775801730855994,0.0829874868107525,0.0587815871916643,-1.10399793199602,-0.67765566946301,0.303907415421848,-0.17631560544821,-1.2370901997204,-0.307527913425495,-0.923321462881266,-0.982255419959807,-2.34592486088933,-0.680087341444366,-0.504918543624179
18.9766992715315,0.0758847032099005,0.279535257831543,0.513197569836528,0.0904251348755966,0.883586022030442,-0.0887940040786221,0.723792844653115,-0.0507556754344302,0.308719266193187,0.133332840845281,0.479265798001088,-0.83872893326286,-0.197843116256612,-0.0390399283813648,-0.745488316266759,0.194565486405458,0.830029084887735,-0.0882337877667298,0.671193766033662,-0.256059746065632
17.0018866685317,-1.54217931555591,-0.676742000545618,-0.273364762955235,-1.1997005335491,-0.244078689226688,-0.390557504426461,-1.39677970244716,-0.681775958070757,-1.20322263919173,-0.693427868851698,-0.450564824933255,-1.08136962265648,-0.040610875291971,-0.670609258684246,-1.36754851729518,-1.00749067132617,-0.540376802022712,-1.15968623728724,-0.236681675426899,-0.882994752845958
14.8210856327982,0.972118804559229,-0.0529132610245825,0.131854080498286,1.04440463109971,0.978663795590289,1.69248633180742,1.4938300251294,0.781816790665906,0.298463589547426,1.17667022191852,1.18286184370683,-1.35187994517983,1.95818726040533,0.355577281684588,1.18957233860778,0.213821878867349,1.01606553246042,-0.329177605359061,1.09398766167897,0.695986933585165
-3.68432854512032,-2.15581340760479,-1.58158495543339,-2.1371233627752,-1.37155228030612,-2.0059831855285,-1.33321790522438,-1.42055857403433,-1.59727725574448,-1.80713914781086,-1.98610449072973,-1.69767194013325,-0.0476421944085979,-2.14133466650849,-1.90104509569102,-1.98680067038851,-1.53191895704116,-2.69779304577267,0.186546984982751,-2.08030076175257,-1.5262888870709
29.4926444288719,0.912486714105703,0.923990033063808,-0.104546087038878,1.00355499635052,2.07167360684413,1.04096599963554,0.499616258234228,0.538632129074182,1.17633600246,0.843193856825499,0.351053412724028,-0.267787961053836,0.257282554615324,1.11595582134681,0.740329843747784,0.738135620232316,-0.434056525129856,0.293070137337968,0.560749030635972,0.347509093107728
6.05012839231975,0.0517229951887901,0.285051913193618,0.489230313141489,-0.834578909320021,-0.728972738539193,-0.101793856721955,-0.258689968180903,-0.211860285415963,-0.233585191659534,-0.198343010729936,0.107735241354459,-1.29947647219291,-0.394263753259602,-0.553789022904242,-0.0785455703223999,0.100566061417161,0.385189964660669,-1.14354707361265,0.626641243539145,-0.113150259205275
21.459307273567,0.810530682192907,-0.137300253737848,-0.321846773405847,0.24953609012651,1.18966077945007,0.128748958763538,-0.424284419068495,0.26007113278354,0.0732050607197222,-0.687311870499819,-0.524567925955527,0.0520082276453463,-0.554914951826609,-0.711819272174989,-1.02671162786079,-0.355837010835874,-0.41088740903499,-0.384768570096379,-0.408157929469804,0.37086892556653
23.5469387293133,-0.513913956358599,0.267345264095703,0.736216930726939,-0.558333616062731,0.0629323228705045,-0.662469034358665,-0.113760898381528,-0.657122514555507,-0.386386295535191,-0.24925032306343,0.387897178574592,1.64326263849409,-0.137195538426116,-0.238729222937815,0.0567205816075054,0.466856890112487,-0.773485476997178,-0.279309170570423,-0.0591433805885766,-0.805353169385593
19.9398564206185,-1.47004738840686,-0.486581710051438,-1.56273457677416,-1.30686274346876,-0.154167568504095,-0.579840113153779,-0.629344424541305,-1.4151640490797,-0.50431315833677,-0.61070215442318,-0.78930590789548,-1.4317197129087,0.00904617680617943,-0.944581807800134,-0.965275663847003,-0.894417395404577,-0.121139973688616,-0.259486733721106,-0.553703470800245,-0.686548107913244
24.0617837521581,0.605440914975701,0.468949980209485,0.38039597276803,0.571150722783199,0.753613687092071,0.290464949190398,0.905785042482543,0.850302823613849,-0.604570441222416,0.828041180768177,1.46974524095736,0.27349187361422,0.810348807384852,0.999997684583827,0.199694335402378,-0.097060735934109,1.76099570600957,-0.177592512549141,0.510143351381175,0.400082717603975
17.6863081924744,-0.509861292696174,-0.724465478287004,-0.645408673461438,-0.741148978303366,-0.770969063371787,-0.555139388110466,-1.30621009948825,-0.736665339822327,-1.35572096141808,-1.36310388301224,-0.615328285176282,0.650788211533438,-0.444374663302021,-0.883309928009811,-1.27700480868764,-0.237112932667169,-0.429226296592932,0.476856924256378,-0.719675459702547,-0.929936464603193
6.43517472063189,-0.799585913646955,-1.33194662682055,-1.14976329699597,-1.46202617224352,-0.161316483564938,-1.08478976324512,-1.5008379819162,-1.33940013230176,-1.31208916528925,-1.6067317924874,-2.41346816124792,0.505173747035715,-1.37810332398917,-1.38579495367515,-1.58065121955914,-1.66476209919943,-1.53066739371614,-0.566154185856335,-0.76763875131437,-2.13379597842047
9.7410918195751,0.000603947118748227,-0.199705200795352,-0.127715782975555,-0.953572038134324,-0.823428294786493,-0.600839275740581,-1.57079496477293,-1.01307482713238,-0.348962641224296,-0.671654747455414,-0.326475837863369,0.252330532375402,-0.611385984561242,-0.633803939547474,-0.177230336925462,-0.772022701013302,-0.204785013089171,-1.04779853308357,-0.251604552046187,-1.3809301722739
32.5419245027598,1.21881183782013,0.508101292180407,0.601508323250052,1.00110960629616,0.255385031642683,0.778117070876042,0.878725014585754,0.877827833374502,0.251561677222807,0.646917629562112,1.23885545475984,-2.09459998452688,1.65155577945579,0.294851337834056,0.981726341015367,1.04380696894473,0.775337168972377,-0.97340607672121,1.83099282379555,2.0504366181797
19.8209740398872,0.358961921121249,0.530087244598477,0.073378628632315,0.13001508286167,0.150698340110642,0.300095820190947,0.00620463129153574,-0.265311032151991,-0.212163828946016,-0.191295633922135,0.331533455561877,-0.0166480358109351,0.464629613970596,0.607150355897055,-0.171010660701729,-0.170623437974581,0.0754557764538427,-0.331399287667499,1.17299711714948,0.169746789489979
23.3873152307427,0.0814313468279025,-0.337918394998221,-0.402188815889542,0.340224495464619,-0.37882222966545,0.0484778337734205,0.0400078157241604,0.259386416590377,0.266345727265807,0.59307566011756,0.484083568880138,-1.01761857659992,-0.209836466947509,1.14376231275214,0.562827774777094,0.561027675532806,0.0279425246710344,0.761877092414107,-0.0953793523582583,0.492219508507266
33.9886167212182,-0.492380347541686,0.595294838990883,1.19531283279961,-0.28730646260834,1.5436556186425,-0.0371663605665593,0.0815965086313482,0.2033818894702,-0.545811730063458,0.870396929141203,-0.0387171859630446,-0.537840563252205,-0.375251685616542,-0.286904801377281,-0.528734505423051,-0.32135271819022,0.522547707234642,-0.796399647212426,0.814125773870374,-0.647107566391228
30.1480331522726,0.817403295112421,0.576859589510924,0.160333225845724,0.592770455263668,-0.787016137040634,1.25736858226018,1.02372109094844,1.04047083979684,0.465778769628151,0.366330474921869,-0.335428627036608,-1.41933858031942,1.21161395042954,0.896212987053443,0.370559311620453,0.549563630878393,0.662284553689018,-1.88984646758538,0.361263838753527,0.757059433005715
10.6550223936969,-0.590501690616952,-1.02567607877726,0.243239760536313,-0.940828286573189,1.00615126869765,-0.436436571932989,-1.13857058806595,-0.863416468429936,-0.583367858028544,-0.721270608180977,-0.702696879322159,-0.187885866307081,-0.422694735118231,0.309134639335645,-0.781161798970587,-1.14635051498687,-1.36004072627017,1.11906176382269,-0.407033909740212,-0.344295686487522
19.0882604080753,-0.724529414674826,-0.648400483222604,0.812075489936775,-0.330598439627115,0.705995585255587,0.377399108112712,-0.325469534543978,0.204587018407338,-0.995836277233795,0.0337974401713467,0.177476540627711,-0.642507534476681,0.124031373105816,0.250168460006021,-0.768489367743459,-0.27505032287777,-0.471416944156489,0.483699763138777,-0.331525835897076,-0.816111873231436
9.6103391624458,-0.553626016621777,-0.720458312364192,-0.875809435717379,-0.689693093282194,-2.28015366535936,-0.860650824329556,-1.39220595796249,-0.548891336061551,-0.35370660474226,-0.823556291835099,-1.73426931466189,0.271622893513249,-0.215855992020583,-0.571932209243283,-0.836400868821763,-1.28030812450375,-1.19513904823388,0.875159439905473,-1.39451397602949,-1.06489069808731
8.50500295324712,1.42631439620265,0.25134031135876,0.624518219953204,0.317624887953257,-3.2614474910057,0.101045445912118,1.08515299576163,0.00754428555364187,-0.202209144187265,-0.170331221687121,1.0109592114511,1.25388889767406,-0.33157976082087,-0.471840530583498,0.3305978371001,0.174742824212951,-0.807310559771558,1.40226463155146,-0.481446215722175,0.343979553221659
18.078054382007,0.855635241568476,1.63959481920903,1.23853624942964,1.84624950219024,-0.0027496459463622,0.314628446168578,1.61652660361836,1.0321553195877,0.7612515012271,0.691581542156059,1.33663166613505,0.0646611086410267,1.20803506071199,1.89580558352446,1.81730356952956,1.26331509463578,0.801339983892216,-0.649650027508969,1.3129611237688,1.36128209072787
20.4580638264709,-1.24575417678989,-0.640033249352045,-0.44906268293028,-0.589610391057311,-0.0923935736731493,-0.407928434368752,-1.066598078543,-0.487114495279477,-1.07585693493689,-0.828334436480027,-0.998761159189778,0.293698710280228,-0.80122159406054,-0.299609627754449,-0.0493452263605815,-0.359641476011695,-0.932944093404343,-0.349212504887731,0.597385993871078,-0.711228749295324
28.3736929569186,1.9539470757995,1.10353635616046,0.918267697712453,1.07248150051413,-0.483100799487336,1.27130597945894,1.37646055663166,1.18007943148401,2.07389512903466,2.07086793794277,1.84055528836893,2.21305100697416,1.9940431692652,1.49388360582386,1.861032684697,1.61456587141193,1.76477680779638,-0.679255985707432,1.5371595374452,1.40818699963636
19.4813454578324,-1.18225674778754,-0.665350901012721,-1.06745177980472,-0.551204076201246,-0.161424402976348,-0.556716236482178,-0.494365450700432,-0.855359262514708,-0.20821928076702,-0.248046717529478,0.0443295116449452,-2.1117404095113,-0.885727563179729,-0.749465257711716,-1.14065362918617,0.140205626946295,-1.10119369323222,-0.656553613799806,0.229335266197196,-0.363422051894015
28.115332729518,0.698119837349135,0.710363447671466,-0.232615154762282,0.670619633754876,0.555250551868022,-0.000908068683743754,-0.510576094549302,0.627003605715245,0.0120933429372431,-0.79989867071309,0.0200483637336861,-3.07456833961459,0.256812777561952,0.726500361313105,0.340197119189958,-0.31080580811844,-0.00791933574584805,1.86481326256513,0.441164303019295,0.337239918299813
15.5241012654612,-0.271519127491471,-0.988287725711744,-0.857869819044201,-1.49533312325652,1.17866021643209,-0.811926212848543,-0.901385033468937,-0.584404639565639,-1.28506138132973,-1.80803215673199,-0.57624026663303,-1.49098986826157,-1.42049135179392,-1.02330703643646,-1.33773375467931,-0.788526019135227,-0.68051305602344,-1.36845968777039,-1.86158251628555,-1.54299831803973
21.5512668792901,0.534262212987971,0.710488350443368,0.267269493660828,0.559384007732647,0.622501621419958,0.966947956588832,-0.702768044041702,-0.274029305377522,0.601273774980607,0.0405903260015144,-0.263086211128103,0.538874314014419,0.360033880420117,0.628083513724256,-0.947108824168811,-0.286403316533461,-0.0530192275696018,0.27677265926281,0.556090283238723,-0.238683321334979
-4.78742172923681,-2.26766831452143,-1.91305271007415,-2.38402910224812,-1.54223584451498,-1.14587913944324,-2.25512234672055,-2.36658492870687,-1.51344611842084,-2.61847582226092,-1.62682501944568,-2.22966019528681,-0.197942939327237,-2.74036420773002,-2.54317251523005,-1.4453035158401,-2.41386838173135,-2.32078510470829,-1.81496083680078,-2.3286709115737,-2.11540183473131
24.7088223838569,0.12295567243018,0.3296262628493,-0.177700891782695,0.82804263509255,-2.036928274396,0.515451284165213,-0.311302139854051,0.31932547565696,0.221466910430749,-0.2216525864713,0.574339300705777,-0.137185568468832,0.358238013229426,-0.305563926169632,0.302688385293372,0.243118387064216,0.0638219619949051,-0.30586731919681,0.565779461233088,0.37596129356425
17.9743323944909,-1.17009385006463,-0.555593053186013,-0.63058915572098,-0.833591868536969,-1.64008879863897,0.415794305636692,-0.417641787675095,-0.43977481066946,-1.07141755163609,-1.99069090685816,-1.34928563196736,1.20550224361317,-0.994451716588192,-0.556393946565234,-0.983792531212328,-1.30452474659144,-1.22247394504692,-0.475538516351785,-1.16674454132047,-0.518441009423545
26.4554275558991,0.819734678305387,1.263274435727,1.11121753641841,1.60117054353011,0.0154944817248545,1.42827087405567,0.266301950523334,0.811969939915792,0.558380196706835,0.667184458968988,1.24980409433335,-0.714775214911788,1.15897227076955,0.100089263593493,0.640613442633146,1.80387435497916,0.941698153399952,-0.916431964074007,0.775994101668757,1.97131676295425
29.478101291492,-0.200968115912874,-0.0257725390822602,-0.432111917797646,0.204723787896022,1.85670102220421,-0.177281274849624,-0.313237341698132,-0.615849915008945,-0.931783118867704,-0.740533027306205,-0.519105416556655,-0.84204384284255,0.39703968991755,-0.267036633721893,-0.272021530055105,-0.112591415547112,-0.779654330195243,-0.211566183642968,-0.206193720456825,0.175915430064648
31.7925185650867,1.32896051691029,1.47417794422526,1.35918199491392,1.46705890638355,-0.58499871805402,0.513648600680396,1.81889720206176,0.795987651341612,1.51475178271321,1.9017769297224,1.37157939026862,0.0395730095700985,0.710330779705251,1.17422169379801,0.706839342059155,1.46456501214047,1.15276570483857,0.563725279072561,1.84922756669163,0.917831890215805
20.3804686697581,1.87882535660815,2.74183549413062,1.71651451566031,1.45893597752719,-1.26213936484706,1.64661315466294,2.02838648206104,2.41045289581053,1.06650054996072,2.05075179238646,1.43885136379127,-1.01455944490647,2.20833472992389,1.64045955961982,2.0751023684163,2.04227820966494,1.24433709596762,0.883404546087855,0.828866509770607,1.17540971114902
9.36640738725657,0.340206978430327,0.662276782395932,0.129001555703313,0.009032165830126,-0.457009992250556,-0.122153303899984,0.0517639510056568,-0.00596369336053555,-0.0193841652299497,0.320377079796825,0.771659081936351,0.335599317845409,0.408725165178707,0.0517309107153485,-0.00824064929634633,0.528798483692602,0.00540897515543548,-1.26368262237756,-1.09810014987996,-0.357559800681881
22.0397510240277,-0.274622295980441,-0.654203167255504,0.311564521069388,-0.00924894480790598,-0.16223030663012,-0.601987795643809,0.574499007766714,-0.379114573335353,-0.377865208014357,-0.132246428400291,-0.465426094552074,1.84717108500696,-0.59958593670523,0.158782307749034,-0.479031549513868,-0.465071413285549,-0.297909230289882,0.835509577899314,0.0925673299227282,0.57887639050127
6.96723149450769,-1.73783574155426,-2.64432884771442,-2.79481897816594,-2.12564725442932,0.583463416494946,-3.00156415913305,-1.95943071265129,-1.96966760115581,-1.82741853140552,-2.19004811137372,-2.25373157993951,-0.596866601939955,-2.2515963518203,-2.29559818272552,-2.37737663764117,-1.9932896206938,-1.7620579182165,1.41235233492625,-2.60000986952231,-2.20464061951405
17.8542194847097,-0.425755288268545,-1.02892562362764,-1.23171125391835,-1.83089257503996,-0.59474711223543,-1.70616062547204,-1.33351298899998,-1.64728975948556,-1.94489508417485,-1.10550246641772,-0.348714782855432,-0.784332412396941,-2.01315799688497,-0.997193036867255,-1.59378475490619,-1.79616365757105,-1.86986054532824,1.63698997765538,-0.633465208882168,-0.507737610802266
22.1405665756252,1.03908661652282,0.486855959954069,0.370027369097348,0.952943233910001,2.04278262641259,0.559811644312001,0.388853733821587,0.455869479924878,-0.0861850770018226,0.923787393550533,-0.189726083708106,-0.738357120235198,0.833455021488035,0.0395844971887645,1.10080575631878,0.716970889395409,0.51783978380938,-0.296532705684289,0.990458809850777,-0.35183128986104
21.0891243058005,0.451133445434007,0.475629698294137,0.947395956160848,0.897895167654348,0.152190296682024,1.39344969183823,1.48712263519566,0.749692943775033,1.52022937732987,0.925928819722117,1.708086791117,0.984288514662635,1.36323386882403,1.27649725770099,0.0302838068909771,0.979522524794169,1.11618588993694,0.628738387097893,0.933073311664876,1.08436680516234
24.7294433992814,0.945571784278156,-0.114967269515597,1.01154126526393,0.589262285007453,-1.24673186910277,-0.129588778064194,0.249205923493186,0.716990532195434,-0.239170444794224,-0.181443422352207,1.05032031183852,-1.16547071835113,-0.38103720010596,-0.0103006433897383,0.603626270365204,-0.280232705140669,0.191609549768141,-0.535862476935913,-0.0398138350577119,0.396746074256602
29.4484579634204,1.27687662799071,1.62045797102929,0.87369449405402,1.48781717167791,0.432412582032927,2.21840996252127,1.533590171059,1.83181919387105,1.31405365786626,1.70021281610186,1.25455747805039,1.94593752216882,1.37087186455052,2.0822193814127,1.09109391940218,0.894393772990816,0.838939173096062,1.18958311534331,1.87544560294644,1.6700569675832
12.4154505844878,-0.362321815160052,-0.634190883524886,-1.54111082631506,-1.51672761307483,-0.326618555396284,-0.675615544623807,-0.850415756502371,-1.11287010989971,-0.572863758739263,-1.73693570415314,-1.05880696312279,0.671775582767439,-0.217390111433273,-1.45157141549035,-1.72032367522634,-0.376088495682345,-1.13299160454969,1.28238727916376,0.0686211906759983,-0.870194404803896
12.0725178914767,0.0535622404280819,0.847995499313738,0.231940381758821,0.368949656496495,-0.762416750013843,1.28531019374056,-0.399982457868159,0.688360288815761,0.422800005504279,1.01731012679089,1.25648087057507,-0.301331761130158,0.0537607609661652,0.0779843654816927,0.98630991105614,0.382566025789737,0.829488747730058,-0.810029539283634,-0.593025968771187,0.190648942758672
9.01227813456028,-1.27483680371313,-0.0939022297298429,-0.530431098897186,-1.20716227939275,1.57688720293661,-0.742019158294113,-0.105481587015659,-0.889016183126073,-1.00468732713226,-0.482699051101083,-0.282272485383191,0.823208552757,-1.13347625093695,-0.970287525698302,-0.603227009812589,-0.644293025971786,-1.36473822235991,0.383644053999624,-1.20629758418847,-0.277578460507217
10.4087329706243,-1.34018421216629,-1.21321438232096,-1.60916226893727,-0.904563260531587,0.28464346104171,-1.34163511695103,-1.18212106049502,-1.7965299306084,-1.08690593272938,-1.16120947460039,-0.792459900577705,0.774912193813464,-1.99134047686623,-1.52667096369147,-1.42408813577745,-1.23214254975002,-0.699614752552735,-0.0236724445937732,-1.01323593633173,-2.15780196438532
6.70337405771397,-0.183023222221526,-0.0682278470725244,-0.391397544946431,-1.11372560418375,-1.48189476400491,-0.494680454834098,-0.249876724945542,-0.962105018893266,-1.10773171191601,-0.686848197022389,-1.15049455075895,0.131046891535002,-1.07707025566383,-0.18837890062325,-0.0342694012878301,-1.02817211315964,-1.05830182995646,0.851023326035122,-0.190906311487431,-0.365424718978661
19.0965363570554,2.28635204041437,1.99530015969104,1.64536575345906,1.95363594127411,-1.1136256354814,1.55690413417699,2.18732985379176,2.92484623065765,2.85289189473309,3.05494008497277,1.63373590856711,-0.611057093351531,1.65709274050357,1.51106248921017,2.40523313982403,2.14357275999783,2.15555667997092,0.567274249866071,1.72185235706528,2.43342456850846
4.9946779844394,-0.916219204072936,-1.01832452674155,-0.466739031530928,-1.42443637030915,-0.364545381167924,-0.532420628357806,-1.24928952527163,-0.863715949482105,-0.371935356990762,-0.868851052060722,-1.02687883994247,0.656031408470722,-0.631866413640995,-0.888447394186861,-0.426115032854798,0.510892647073131,0.549541758817253,0.801570383759927,-0.721485922052329,-0.666927968601044
17.8233380871288,-1.01695193618459,0.141227099418166,-0.731565328569199,-0.670482083587003,-0.69236955455428,0.263256995021443,-0.541477701455756,-0.409014203463675,-0.949818895984237,-0.706572505523575,-0.645502052725655,0.383916695529432,-0.0335622649654948,-0.283926665053406,-0.491336518285911,-0.600869120399357,0.0653333328689909,1.54306805278114,-1.51782832708941,-1.41775925732572
19.1798138683623,-1.38148280570675,-1.25735052609303,-1.15394865018933,-0.210046910615246,1.87151626587506,-0.610514887636952,-1.01415376247969,-1.02109652473409,-0.338778258199589,-1.00697782728875,-1.07888072470588,-0.31136942016686,-0.176884072317992,-0.866052391511949,-1.97171825351753,-1.1777124350423,-0.787200555693758,-0.0740663395279305,-1.47254558788488,0.177293476378128
9.88826517371328,-0.614675101792459,-1.08402452092091,-0.533372297180738,-1.07959894075636,0.394507230447895,-0.10955864644394,0.137877093572084,0.235129921222777,-0.605085076944709,0.268663407577476,0.393925704181506,-0.145930057440611,0.182050360875001,-0.314545709221246,0.434014048772163,-0.437046417371566,-0.0217458489475962,-1.37403532347334,-0.78486143702956,0.0576972274375268
21.3495746705044,0.362479887994106,0.152294620534336,-0.124637847094808,0.157749004021687,-1.02096390209332,0.169991245624272,0.3541627562862,1.2876789373722,0.264182233053595,1.51999815458127,-0.739952228492043,-0.0660094543430645,1.13304071767131,0.910063378910468,0.653874410144752,0.707425415401552,0.211713614550299,-1.11592515177186,0.459052562754588,0.639754192248685
20.5802055235972,0.589152118344396,0.5888181591463,0.446320636169221,0.831552422039567,0.465546106695678,1.14255706264459,0.756679968566646,0.341928048115936,1.27519727411413,-0.355586350480403,0.694656545308119,0.903177228732642,-0.0782996566267127,-0.703705200454774,0.320712139616666,0.292633690258621,0.565509849835095,0.785248837092789,0.297524161434687,0.26620522511978
21.1863503033348,0.45416335208976,-0.0980514875695352,-0.125954984394784,-0.890024004862563,-1.04259551800191,-0.245552870861057,-0.183780359703096,-0.782872729778583,0.171433748961578,-0.183025940123133,-0.0243562551015899,-0.125811078047762,-0.47907236008924,0.285903309017625,0.00753457491602594,-0.516810231446136,-0.87845363061974,-1.05228745025522,0.695424541923058,-0.869897300613942
25.289969618385,0.821497990161461,0.543016852648356,1.93655376291384,0.915391644206956,0.194946458826283,1.29941687699892,1.62780531012891,0.889328743566059,1.30337732765991,1.47817958312108,1.53594580922647,0.620685349311326,1.7574726838084,0.926883839410258,1.33399504280707,0.700354940973819,1.40190631793621,0.809314434734482,0.80343160291407,1.03596522639606
16.217451098012,-1.00914115007028,-1.44689413122413,-1.75110175384703,-1.25501513633548,0.619865647228838,-1.81249618767266,-1.70759203718446,-1.26251443581196,-0.93337335376672,-1.92789986885506,-1.67332139375244,-1.75911531232038,-0.961297990530361,-1.85410834160388,-1.24826873332815,-1.82112256491824,-1.52522616235723,1.3551349140982,-1.72155120836393,-1.57002401395329
23.9836191494205,1.26392245433341,1.73750368254065,1.79864344287093,0.835456821944926,0.829312001839683,2.00254561087392,0.943603383507795,1.08945897909227,0.887900076825601,1.20417154101595,0.459358285876939,-0.447730633372451,1.46679620714372,2.15229627220576,1.34136599008518,1.72392228256085,1.53274859597183,0.9551436214084,0.856423947620985,0.975388447146558
5.28965804194983,-2.08994935257079,-0.818196185833736,-1.5350300984969,-1.77105769745945,-0.565562846924147,-1.24456329976962,-1.16719559496181,-0.212100565640086,-0.949054199657425,-1.075674795589,-0.44043469505378,0.367198098277376,-1.35574303772288,-1.51347374729979,-1.40400160911955,-1.33659104789117,-1.95741321544128,-0.25689229989062,-1.06687227367314,-1.00376446785872
11.557176627951,0.140879941504201,0.149941353130562,0.196126321406371,0.487542909748973,-0.0471733355159978,0.121724947361909,0.858488953549072,-0.0605341566591722,0.25322933671517,0.54887882663656,-0.264267385688155,-0.887170614368712,0.405582327572548,0.113481152899897,0.064651604977591,0.262087238099177,0.231132134249737,-1.232970957292,-0.0818916943814777,-0.0168411125750236
15.4804311074045,0.656830210204233,0.929198677285437,0.461430721605741,-0.181417803136897,-0.145553962268237,-0.283464595966483,-0.153272205607067,-0.143604555554178,-0.684117134722838,0.19083826757612,0.220399051436299,0.618724011920188,-0.179032039223122,-0.804326711435954,-0.622049054972435,-0.728339874314484,-1.00243963764646,0.154816854880756,-0.293698195236578,0.332984790339209
32.9880867577383,1.23534322667103,0.831619573412907,0.559852493821586,1.0631766283032,0.445745249539536,0.891165132560173,0.853385414901375,1.40040785969122,0.838862022934402,0.715566481576863,0.919509438336217,-0.17365665131537,0.95410442061038,0.85129063476025,1.08946884625863,0.43682957188197,0.525799574907906,0.169563812444822,0.834426556067169,1.00908186226878
14.7582008959825,-0.263090451516756,-1.1463255376327,-1.30763368017283,-0.319151609696846,-0.508139314638424,0.280519401107516,-0.506740860665756,-0.645010210970926,-0.4189610267571,0.574091372008541,-0.00499726106676864,-0.447265154171806,-0.755564903415613,-0.219007230265614,-0.241970460738707,-0.0985853932977861,-0.412447071148779,0.606215379986381,-0.052173892402455,-0.788708151439327
24.2528916943331,0.297943918506638,0.628415772498251,0.753063847419874,1.16209476411785,0.584205086702913,2.32503816661085,0.526029712932379,0.281077659481921,1.49178926608446,0.78434104825863,1.39414445581816,-0.151898252061708,1.21568227495132,1.04931099420024,1.68986906306785,1.36822785329071,-0.18901108265507,-0.450880258227544,-0.035921244998793,0.705376369301463
33.1820296370765,-0.471685234706012,-0.285549821911121,-0.539750027244643,-0.0479436571833033,2.03423329428923,0.612277826527856,-0.0744052877457553,-0.630452287896672,0.292559334482557,-0.212151675010053,0.088399819770024,0.429385792054486,0.600366850849532,-0.229965905655357,-0.684650517549596,0.182176607771479,0.590513059974581,0.522041237645114,0.668445964343386,-0.290771727512641
1.3603032705053,-2.3489974418056,-1.48816899701841,-1.71010406149701,-0.862403591932145,-1.51605682630225,-0.237145089675176,-0.573681585245977,-0.528730459507036,-0.938466832976334,-0.907344699892547,-1.26997700267258,1.47491382171951,-1.37990173831025,-0.221890648485162,-0.57278508075392,-1.01946211046296,-1.09819232509164,-0.604061464572139,-1.44992415803312,-1.14846489595552
15.521912382201,0.0099827492990822,0.172709349902883,-0.781185429122683,0.467761622352068,0.79777520801407,-0.547230518831998,-0.195768401978401,-0.532311018864462,-0.0720701579121732,-0.279498352397945,-0.280367749940468,-0.764387725706487,0.125170878940446,-1.17871168213351,-0.698869642669821,-0.177765439303286,-0.943717099732072,-1.25919486601068,-0.392111511140405,-0.280763372338624
18.7236665097772,0.306395369840385,0.263071660378472,0.344997993226025,0.827157955212271,-1.71390077640945,-0.182633428010816,0.0290533782722233,0.125604921574096,0.294846989975237,-1.25817525519994,-0.279241898063225,-0.372048522586113,-0.871453808518022,0.0467738314909914,-0.16066831080018,0.141144170901486,0.743463410839621,0.829497908560942,0.412959085948857,-0.35804820148301
18.1102910524373,-0.856305619513524,-0.0766751310066556,-0.16747669600513,0.230027416417756,-0.561112218781851,-0.561471025894754,-0.940167385916007,-0.756559018248562,0.159113032813485,-0.788005996018238,-0.245080369061189,-0.612986299783688,0.260481200691536,-0.0747408378207615,-0.423449592036709,-0.512660357756059,-0.581194826085496,-1.39739585189839,-0.0286636310066942,-0.130422139380431
17.6021181779786,1.35856308078054,1.41695955979583,0.0893865058758803,0.503438130877553,-0.446190034061327,0.190653063511011,0.574989836439268,0.690424930978587,0.746017839610607,0.423723659489197,0.652478709090071,1.01347147947578,-0.139030928899739,0.735618515217837,1.37344166623229,0.30595009185225,0.456272014791295,-0.634509651248122,0.862077169247485,1.03201243979814
13.770138941387,0.225688772847109,0.654931112917926,0.311344395482816,0.407974086874063,-0.389274717286425,-0.488591082806933,-0.211208637524228,0.611415575301851,0.306959699290238,-0.145593046204041,-0.558579353280261,0.893059014365168,1.02458415648703,0.357405607329005,0.801557189236227,0.384535172670752,1.04076949068922,-0.862110038329746,0.153681488226001,1.09983229927022
16.9952424078513,0.0191674467088489,0.350808971384203,-0.175456996031264,0.21053156739942,-0.736516830574186,0.325397935866621,-0.714789431722795,-0.282154888016847,-0.0323470359955001,-0.0825954840869004,0.348040956893891,1.12409356700488,1.07111710963581,-0.518312326818222,0.00242433509157901,-0.0775539180977798,-1.06543865211681,0.547225626852225,0.101876230515243,0.124412090287784
32.3683997393703,0.497008273154967,0.82296591726197,0.372127935720529,0.498738908254853,1.6578629396358,0.383057925744746,0.640458828616965,0.522026816079372,0.849606273982372,1.29553437552299,0.665779398435698,0.545351152467043,0.471081621269372,0.240711592005041,1.24478174894762,0.99064492334805,0.265778815238557,0.818493022565656,0.194515548891104,1.04123707768576
22.6585081069088,-0.263908746092565,-0.334394968481365,-0.155748505633759,0.0678332330867303,0.281615439703242,0.129476386227827,0.566524758480996,-0.0319651379760414,0.219669265031384,0.110515872173139,0.423794784045772,-2.79559891426932,0.123324889420903,0.727813404861926,-0.488237734128575,0.0327892446747553,1.44046213960069,1.09419635018478,0.244957430009634,-0.0835181669166023
16.7281074488119,-0.938814249567008,-0.711782811639398,-1.38683375212898,-1.60735228254758,0.803058909867261,-1.30690393016,-1.84867899587097,-0.779306331540464,-1.70323683797971,-0.262642018535188,-1.58903685485611,-1.39185574825103,-1.34733443747758,-0.659563334421483,-1.73729132907706,-0.598859152457169,-1.1610336559219,-0.0199251921496782,-1.39255743091436,-0.603541866118674
8.32686331076204,-0.292192724574552,-0.0868275646348999,0.227549536544064,-0.531518260362253,-0.115301064225087,-0.41753059145617,0.178966021535463,0.159417155018798,0.768719442114296,-0.124134215899579,0.0672882858496425,0.189499988099788,0.68688156267311,0.244868059376394,0.155178743078734,-0.238512829637622,-0.257386170577063,-0.373291974588496,0.233443157415241,0.860276544126307
23.4480007719061,0.698812691942888,-0.353923777434265,0.0635512538845153,0.244608598160878,-0.127067897143111,0.57008631840875,0.907504855288415,-0.249908813672514,-0.0714161370703683,0.20818994518298,-0.459012570999006,0.215896464049378,-0.331624798527122,0.726214919668734,1.09594819827084,-0.120602215734883,0.449671625032241,-0.899354183652174,0.132377993859585,0.595845774069335
5.06984007535522,-0.908388600785236,-1.28713145531667,-1.06070431835577,-1.25805109539716,1.47419261903567,-0.637319383837919,-1.3474995180525,0.0271025811923482,-1.59757691775056,-0.432363792351959,-1.02192506917855,-0.217531162784876,-0.90160368891061,-0.987869687343193,-1.29594388539043,-0.0796149174428645,-1.46691100402448,-1.2891223434785,-1.65045962958992,-0.827476098780857
27.26337569755,-0.164885137817818,1.19791138141874,0.315747153109405,0.396654681119045,0.97723600545674,0.922251373832688,0.564968643231124,0.349496920812594,1.19521920329158,0.502114455781294,0.652314459519313,0.872700608513261,1.12048176350018,0.625059531590569,0.270698507498476,0.924703380064583,0.435836005201089,0.464881838640697,0.425119428067543,0.719691186205389
29.6602490928888,0.194752069086742,-0.34855288803678,0.276928153566659,0.745848177011354,1.8136620373028,-1.03407560506592,0.130273482113602,0.0264834975413414,0.900243207030075,-0.129327657772503,0.336336069223995,-0.63342600154609,-0.223484905382976,-0.447170483221024,0.329255151090606,-0.205479401068934,0.347063464921373,-1.60191421752696,0.234766787524422,-0.428259244032433
13.5688616335646,-0.263981865108734,-1.01623588553861,-0.568101816354037,-1.06700248667306,0.726744744735065,-0.0871705654257187,-0.132065053994015,-0.606162050827865,0.201587693692629,-0.093073843136307,-0.737315771130726,0.143289157803698,-0.538346653399378,-0.780220623686656,-1.08532776964347,-0.944802596411918,-0.458158566972039,-0.147128201401659,-1.28309047457157,0.322499797117781
14.6753844229564,-1.19331745450969,-1.30267838264757,-1.04016075718704,-0.761095206170049,-0.610107094405158,-0.645010185587972,-0.795720135272021,-1.18785279043747,-1.47895403953347,-0.153161424818012,-1.01655323122203,0.446769637620313,-1.36282158961629,-0.23266497501035,-1.17530171000517,-0.678087877365533,-1.19087612606111,0.487425510004115,-0.935395463373909,-1.45356258146143
0.965445126658182,-2.27895097181206,-1.52976855539633,-1.25635364520778,-1.85270940186224,-1.00264277344358,-1.42704042224772,-1.25405181861905,-1.12456341220113,-1.45842974571493,-1.57762940639965,-1.7309260387104,-0.887146860814605,-0.83908595135237,-0.734759213569525,-2.0856845051966,-2.10538813919984,-0.91244436575965,1.54644943584718,-1.5676042215254,-0.811057709835358
25.4442131026491,-0.546428098064071,0.639083859745357,0.457662519793401,-0.601937975297396,-0.406971791583148,0.202902941640272,0.16502939829474,-0.65186067234758,0.073657907727715,0.0496596068736336,0.690982178322097,0.00881058119509487,0.304483252389117,-0.318923361253003,0.194734147332343,0.233073834228481,0.0203701131007982,1.50666159076233,0.500703056775251,0.105050333195922
11.2048995876347,-0.636932797380841,-0.88979885841048,-1.25148742972194,-0.236074533927276,-1.08113008137093,-1.04181552637112,-1.80847329437863,-0.92674062811427,-0.83734720233997,-1.86394258304108,-1.3483499814225,-1.39287139692925,-2.02901889333912,-0.899004813951799,-0.584032380719078,-1.37706038751408,-0.868515420008212,1.22890732978881,-0.978094484567481,-1.58115872157002
30.7566298980843,1.80261373648783,1.32199134633574,2.97139468251595,1.68335721567339,1.08397720087938,1.63126654500183,2.35090526022825,1.25278669735044,1.4193471805271,1.15842194840526,1.34310423236981,1.73207748699073,2.01752466985961,1.70613839384464,0.982944886322349,1.56554763178269,1.50640995145877,-0.574403062513832,1.8554968573501,1.35190436161426
5.70372964513817,-1.03841600373988,0.071071856784951,0.116919784426081,-0.723635647572693,-0.924047810611494,-0.399617677517148,0.345356136986024,-0.404755935886033,-0.150966767157811,0.552375015814955,-0.32638854505373,1.40801063003158,-0.077272349966342,0.664387049833659,-0.557845806678815,-0.365252945817288,-1.03960868366916,-1.55695031392802,-0.361913124730399,0.0638937871225803
13.2758116439741,-0.356707032761955,-0.66401129037253,-1.40852924932339,-0.940575362263391,-0.186345866537211,-1.29188217897471,-1.50425497799279,-0.104030374918056,-0.273433844881296,-0.850390776530358,-0.769957606453608,0.170997727157067,-1.44701819783285,-0.789268416756488,-1.01140104039873,-0.282086630436785,-1.06968073270429,-0.56108283502041,0.213797550459546,0.323028860873426
7.39009480862913,-0.601762309373472,-1.50111033316245,-0.396084464610279,-1.20793931933948,0.0601474631402162,-1.54038285381819,-1.07487398384867,-0.504543938100664,-0.674146953863291,-0.669464370058633,-0.774118927657755,-0.388464073305852,-0.481525496510193,-0.564877703081105,-1.51142888525584,-1.34840359140894,-0.970694079360747,-0.150246941357696,-1.55676396970532,-0.911331992304281
27.6668629215847,-0.118881460168577,0.0388232354844902,-0.304341086899718,-0.0440352054243174,2.56877799883723,-0.134817101645438,0.120159927931693,-0.279690241099284,-1.23997081910022,-0.865658429489956,-0.0256174489792238,0.699041902938444,-0.111662600258649,-0.540311581081512,-0.750482134793547,0.275620078352412,-0.709481634952341,1.81096665833097,-0.748437643550496,0.144311445284503
11.8339406062283,-1.02130394672164,-0.973711415667629,-1.71096614385332,-1.28955786334749,-0.348491585245843,-0.0909313659920601,-0.226312625111524,-1.30063645154754,-0.499643284285016,-0.306465151407731,-0.861066545868959,-0.310678587937786,-0.401084116954178,-0.490085438915061,-1.14079715107642,-0.0383997875302352,-0.746475351283293,1.59121805374424,-0.792367169952801,-0.54616900808493
18.8015710560329,1.58453251570601,1.7696264208691,1.92334329369401,1.59759560796518,-2.16191360978844,1.18787040645422,1.54483873056472,0.94685665740766,1.53798237484394,1.04838333311846,1.75002569851925,0.392849786336358,1.70849506745579,1.76902941912716,0.969693938651311,1.35212523744336,1.91892040740687,0.188036299075989,1.01279697694256,0.639803753982141
15.568052449248,-0.531004672248061,-1.15726233388283,-0.244361850358072,-0.561199112711117,0.81505876059617,0.000531163834903398,-0.231724950725271,-0.3001953999071,-0.564453458103883,0.207551065189411,-0.475014135602761,-0.698287488736367,-0.229729108156162,-0.874693121625155,0.130783349107591,0.277880483945338,0.399770638708092,-0.0366586959974137,-0.553579618928236,-0.378906241677836
23.9791289683634,0.304080755954722,0.454555315216693,1.7250382999918,-0.0398689779133929,1.33082651379555,-0.253690105568989,0.425183529484028,0.235568008000957,0.404486767011941,0.7591421309353,0.397926556827496,0.466368760456035,0.0766774173934189,0.740043626622275,-0.104495507708784,0.956234648194828,-0.0171560385743114,-0.903907866433433,0.896354124497943,0.495273169031503
19.744397536885,-0.586349529015864,-0.217941447130367,-0.353546088273663,-0.803329489765906,-0.924179214043044,-1.04724862580381,-1.04003918400113,-0.192161577282833,0.00138705205377571,0.15734337448426,-0.89695798044316,0.0610813154964082,-0.173877282962178,-0.791484615136593,-0.334933248642156,-0.415061660281168,0.224972206831738,0.539521109115947,0.0938061984363604,0.0219221140677447
19.0003716466632,1.44963120766167,1.14240099526018,0.889713555616271,1.00607305279178,-2.48150122092847,1.12462143859052,1.18797361931512,0.541177820331363,1.12549722458217,0.872116665519987,1.33180089568633,-2.02202868520337,1.75288201402555,0.663554222789793,1.10026202285536,1.14382900500534,0.882565128962567,1.09585868405565,1.04296395991379,1.06936245584478
18.1237725995732,0.797938503077164,-0.713122822971161,-0.0427538472396513,-0.576185510848125,0.768075268110661,0.570403202025935,0.629017193944789,0.191740245460727,-0.0802205938845583,0.145977029811283,-0.193644462352448,-0.426927885889508,-0.907411191711068,-0.102416629522795,-0.914291755410085,-0.58935588922476,0.638885637598681,-1.25863918504712,0.224607218380861,0.161832759659117
0.63743046047183,-1.95544883808218,-0.891834641874048,-1.4264607173646,-1.38325907412443,-0.179747275938028,-2.02079040564203,-0.984469390573257,-2.1954752520136,-0.62862747139872,-1.69081782503999,-2.272024807451,-1.9163987420245,-0.979029924849783,-1.44432227746109,-1.72068182046462,-1.38173645128722,-1.65475630498096,0.311231804972737,-1.81056139975177,-1.62872586672683
16.4800648625268,0.821296934900158,0.181990176896144,0.486308864182956,0.762985507852781,-1.21047125259152,0.471012653327264,0.631270401746361,1.06847309497072,1.32723176567987,1.19803104416368,-0.115286617692001,0.674268280990275,0.7583913384755,0.905571883528417,1.098145181117,1.36078921563628,0.997280307198216,-0.0774895065853895,-0.189060471974252,-0.0496901504472443
28.8837898695468,-0.0583734285080772,0.128213817385774,1.51241662221547,1.2279171304101,0.83819319915123,0.493628502715234,1.33236304681393,1.31114360342607,0.0703389177554507,0.665857678393282,1.45067945310001,0.72862165395287,0.625518955981929,1.12700603642276,1.20859188879667,0.977834173618702,0.0672816448102324,-0.880165350940662,1.16581735563256,0.213398898677042
21.9906709566223,0.590131542688207,0.869609867464715,1.03509484570657,0.680865472035578,-1.21627745961193,0.565643544782801,0.916542593829861,0.579114532461455,0.974683864189359,1.0395338859162,0.757937417676801,-0.794487028143484,1.22967700880344,-0.00427569114744865,0.588544949783405,1.18806900677327,0.980163873755349,-0.479142005260432,0.252025444394773,0.741295136012995
17.6814399832505,0.249991259814002,-1.12362418304453,-1.02960976582887,-1.14725582162006,1.42614793288199,-0.387154373832519,0.130127282779047,-0.733492854137056,0.0137845322747346,-0.272459631773347,-0.33805448288012,0.266259317789246,-0.361394289942524,0.0588849792057877,-0.548948725858982,-0.0332074461114072,-0.460074596114311,-0.264046454300053,-0.13874264659283,-0.227219148721303
32.4368875519354,2.03258311478484,1.27949665461091,1.94622945143141,2.21122950712066,-0.940390616514522,1.86807867820453,2.44949210296622,2.14735197227016,1.3133788593226,2.2810691299649,2.03331678024994,-0.544593918033411,1.55654318776667,1.98987727410762,1.83490573212652,1.48114975039472,1.57533429285442,0.317341309861732,2.18470033949793,2.05884084216526
10.720685194071,-0.880888485204818,-0.962294507230115,0.0549693328050346,-1.33654159054445,-0.255873935210965,-1.20406755631239,-0.911993177360248,-1.51263953436735,-0.595259612696902,-0.327749099170976,-0.751207039630672,-1.02726341645216,-0.87178529633979,-1.95039109660113,-1.58655998691629,-1.11284628584152,-0.949488248785017,0.841034001624284,-1.17549188772234,-0.512956892976302
17.4825040607257,-0.675967079094707,-0.77411966654033,-0.567083253865926,-1.17906737469009,-1.30774727124858,-1.14935841587164,-0.576118257705114,-0.537883099523764,-0.447978225217734,-0.308427415350393,-0.305720811602553,-0.36059775637186,-0.749866101959453,-0.382551779432851,-0.582000269664531,-0.0825235792940361,0.17036582135212,-0.163360191714325,-0.897409374243597,-0.597178986424625
19.9930872264802,0.727485826010254,0.538093641853361,0.604142196012644,0.84880884729909,-0.703271067651478,1.02760253294782,0.699039956757921,0.301012110943193,0.692547824877159,1.96793923602126,2.33325043725279,0.58296502776692,0.973100001220004,1.02025136962432,0.389712051993992,1.23867884403952,1.10080562975822,-0.820524511695085,0.497856855680505,1.10594044192519
8.10624528731885,0.357636869695266,1.64079297146757,1.43371807540048,0.822504527075421,-2.30357174972565,1.23998564681386,0.464392829837944,-0.367236464382836,0.526207671399343,0.541538623935583,0.616335435485034,2.00144887443578,1.30816923965384,1.4743088931717,0.161238038575324,0.641755078306249,1.34892048485518,-0.380934833341313,-0.0741454013623261,1.10664948746693
23.2555687076442,0.532781256451059,0.537037536032072,1.23996467857364,0.262818687344051,0.998437365917023,0.890548207637295,0.0996292648105936,0.883071299891111,1.42670943034775,0.641288599282584,1.61609874865998,-0.211351699568372,0.777411875372236,1.08999019651854,0.33070934326327,1.19443125868138,1.08782671517913,-0.480085757129221,0.291567912741945,1.01893363445016
17.3676147980485,0.45518475244382,0.806692501893693,0.583293201795711,0.612941644334561,0.792645862104141,-0.0205387137256614,0.15547342242039,0.0590804726625079,1.70614491681659,0.515052819920131,0.555973594446002,-0.986872269408155,0.204062088513936,0.168561038208329,0.224477892060398,1.38540757637032,-0.896347837455536,-1.00807006289281,0.131675988984435,0.14970755601049
22.2849313575807,-0.917557449062787,-0.594686219360469,-0.828199301808275,-1.29252720434633,1.62541769204144,-0.511402273246661,-0.453825831362141,-0.470624031350389,-0.548824114507849,-0.382344054515937,-0.642274958255318,-0.690809371935135,-0.671777052373658,-0.645567566095704,-0.837789551016968,-0.0792568190767641,-0.76859907811131,1.32938755591219,-0.206866013724117,-0.322741374814853
27.5276112872487,-1.50785233552447,-0.607162707940414,0.112709707433265,-0.239774104837247,-0.17750703433876,-1.27311342132129,-0.292240105783908,0.012331894090632,-1.51563088064032,-0.0245179296067399,-0.237886673031888,2.00326769206404,-0.975555933460721,0.113533065806765,-0.0946596649232273,-0.921616694479751,0.0336761733712512,-1.70907683930981,-0.00647093274717786,0.412866450162227
30.2023476771671,-1.36248800455403,-0.393617467024422,-0.364241069304195,0.477378546848214,-0.15858477380719,-0.404057917736209,-1.31237114789535,0.0609337303129934,-0.339147022258535,-1.23651048460274,-0.498687144199928,-1.24113927478286,0.603853890792725,-0.177601646330836,-1.04862533192188,-0.254330691834748,-0.792093608408381,-1.06654049663522,-0.172831116393558,-1.360829008424
21.0943857709124,0.312238709265561,0.0994920639390518,1.17330794411509,0.460769031127083,-0.585739859577879,1.16371870865141,0.0846087709185108,-0.193259623815824,0.594963801625739,0.812963863003687,0.934587687780727,-0.522955463195926,0.749979696711432,1.15484979642048,0.742876740914145,0.143371194792492,1.15095150452828,-0.47480734108701,0.358372595786347,0.202506353843765
21.6543272580903,0.496709382021122,1.66627830912154,1.6306543523035,0.683158260382271,0.847669548805589,1.0212693376017,1.39607348838347,1.97358422429801,1.30222452572184,0.841084023289746,1.42579790832098,-0.0919275574728444,1.73513375421113,0.747072109865153,1.50778261238319,1.31779853493231,0.283623074843463,0.446449438843549,1.23514877102582,0.53947413938678
10.8215328987643,0.301650915259845,0.0375687792932449,-0.3477010825741,-0.117782582185588,-0.739296452532173,0.152445381493573,0.602521779240331,-0.0502321694248774,0.263135711108066,0.3455840341508,0.605915028490074,0.377564397553226,0.446081340995773,0.419372419610784,-0.0771356555026564,0.205958667518268,0.682435525435799,2.0751449478174,0.0854951992139358,-0.00761217503707987
22.6242882310457,-0.0336323296606405,0.317740372904006,0.678386123305372,-0.0955805934600482,0.665567327174698,0.706287537638498,0.708643014665679,0.257686647405399,-0.0126691145973696,0.856791249277566,0.696211390515388,0.215519742231268,0.147389379113545,-0.506714973996408,0.33975229402168,-0.0633056187189592,0.0420253906687177,0.111122749785532,-0.572070079953808,-0.156504905717271
31.6191947299173,1.22256857204202,0.950951499782906,1.19063685128877,1.19593261100526,0.453470968768443,0.854776436245873,0.820670638439072,0.465409385897867,1.34094839092996,1.29934822133966,0.940600585851044,-0.950665506299632,0.645395761090807,1.23295363595551,1.27167773914359,1.10068517976642,0.867356168972,0.225144477358135,1.21321341911354,0.988591823585182
26.0794913400138,0.262851039684331,-0.159242417436324,0.745583603163911,0.954572946630638,-1.30596114878973,1.18657138737588,1.14308887861465,0.579701746373167,0.664026260357312,0.780960729916162,0.582343673171671,0.126706726911519,0.505371355221846,0.718839223673278,0.865230539356264,-0.421366928988744,0.856279234513753,-0.994591507503184,0.767241827856896,0.469182381368013
32.3300071379402,1.20734513255965,1.36480058782589,0.177988258674915,0.780768710627798,-0.317186496757083,0.544311068868792,0.82003646069854,0.990339946746436,0.458813910891673,0.338117847463933,0.630587651951434,0.888054557479859,1.40266997647127,0.998348446040789,0.721527763483996,0.0719503586482554,1.02179921993812,0.171394398654395,0.234651073331947,1.19492891198007
17.0633718901582,0.792133020959763,0.303160649584431,0.387637417004646,0.342887671713754,-0.971593286248925,0.572727982690828,-0.175069008000011,0.327678902617948,0.93702408234821,0.559787449809553,1.00238672694956,-0.552937487111736,0.285537841054974,0.365465124653349,1.11785488113121,0.403960125271187,0.857247492762843,1.27015548783587,0.00681386106624977,0.309845527358699
24.5838638991617,-0.779906284488289,-0.961975862335214,-1.19963703572859,0.143580349115354,0.900196437872489,-0.644962631749206,-0.444968698579007,-1.30566885177462,-0.377400775766079,-0.666034836165001,-0.248242112053063,-1.10395491617347,-0.526015907394761,-0.793129644672245,-0.696082919215138,-1.5532962877124,-1.0758817020027,-1.83079275597709,-0.919900965862085,-0.457415381771807
15.84351207882,-0.0491777026395738,-0.853922867878152,0.0695708406530492,-1.22097921522308,-1.16006024599645,0.157281145629985,-0.162618919742463,-0.0438268460871729,-0.23609526143124,0.261351607743917,0.234977753943661,-0.962229823921617,-0.643533912399707,0.0319399543815944,-0.123821640939781,-1.39614936453678,-0.13973834771776,-0.719580580306144,1.0248827195595,-0.30259117095976
9.41437889637873,-0.620283126472533,-1.08129927081375,-0.902387403546196,-0.759280350894448,-0.66470696926914,-0.771072114322569,-0.179070323385589,-0.146024042368,-0.21936313547443,-0.824500415897878,-0.0757782456813857,1.38576687200489,0.161371120631565,-1.18809696494974,-0.368964829741247,-0.786438061953808,-0.18900999432034,-0.344926211935933,-0.686627821581028,-0.221044150634662
27.0661801912912,-0.0319602328127436,-0.550238649070148,-0.912843883273048,0.287068942856674,0.500295377999249,-0.636905816510726,-1.40019049597273,-0.480886627484408,-0.704152767896307,-0.697765801624091,-0.347922106570001,-1.4568538464119,-0.733464554956529,0.643516959331054,-0.308722943209647,-0.00149091742351453,-0.640736291390613,-0.962227082473407,-0.188720471250761,-0.444500178916775
19.9104557720989,-0.216511224222532,0.347679262875237,0.933402252125954,0.69807546841316,-1.16206869629161,-0.183372582844139,0.499602415723568,0.0936662238925582,0.092741560175791,0.304531222089538,-0.228644234199101,-0.76551425389553,0.68139149091709,-0.0870884251979079,-0.0773499747261766,-0.567744834926665,0.407347778991108,1.20442803771181,0.080263623590847,0.480166490759406
22.0291315453813,-0.53860686471158,-0.408428949416588,-0.559800433670564,-0.475301508675236,0.569829989914988,-0.963951151265175,-0.0908902657271401,0.0779433507009045,-0.754181728299341,-0.107663594311509,-0.101460716132203,-1.41872932476494,-0.503837132079266,-0.0923851783268619,-0.244589488787535,0.0649352490650598,-0.73670628267629,-0.543739379027298,-0.32880253516396,-0.0428566576586593
24.5070759967844,0.483045753784876,0.73397991331302,1.50955748904565,0.502840986573269,-0.290639710606895,0.518409217491227,0.737332384849676,0.632640113288785,-0.0433935493280291,0.625876561662218,0.141568506176636,-1.21295465407558,0.412634861859502,0.869287206835861,0.462275488844168,-0.575642072408665,0.841344094464373,-1.37908227563822,0.554722568955207,0.513845609570003
14.2148604481866,0.212752156221637,-0.206440961374792,0.152649439762511,-0.117415763821691,-1.74313292415742,0.242310192551276,0.544697031980628,-0.0334930651473105,0.230817326524636,0.92545748993607,-0.0991711666254192,0.982950285216128,1.02996878800975,-0.148540485189251,0.430747151011363,0.265094939727567,-0.303772946223536,0.356576420125547,0.242892269853837,0.36933567814495
11.9521374790967,-1.1117965287509,-0.933327172880587,-1.82551394240294,-1.10165035605705,0.764478166711096,-1.08478296648132,-0.778217573135035,-1.082115918073,-1.35719405342244,-0.58294722742648,-0.256888683139334,0.528822050565617,-0.9221106703267,-0.763701086784589,-1.26698262464232,-1.80176473470077,-1.54048225342003,-1.0368868578898,-1.41122719392662,-0.694081584863459
3.33768488123106,-1.86957690824115,-1.43289208743479,-1.4505427108777,-1.56104196573757,-0.0600643688681897,-1.47159149370743,-2.21759630508996,-1.99115977104241,-2.08707214373965,-2.2307019691708,-2.02232445028392,-0.162612573585502,-1.71474718276637,-3.12424017800091,-1.95604731740715,-1.6286637038801,-1.79591710973997,-0.411567193480641,-2.17166092342436,-1.15260182203202
26.1182592625918,1.47192569002528,2.45088733323994,1.27572734391478,1.40669742017975,-1.08646200263869,2.40139476108344,1.13250880461716,0.889423644528203,1.76060600178503,0.779059442821231,1.59589992912401,0.209720302384757,1.98417692032331,1.05753292310884,2.41590462968946,1.79854463113915,1.20498005644462,0.24880431452119,1.69451424362963,1.24458701117651
-2.69547084708806,-1.16081570448083,-0.675829081465955,-0.772439923710954,-1.05943506431403,-1.7135672936653,-0.26489729056138,-0.631358152658577,-1.31741244891191,-0.76352243926983,-0.788238802580911,-0.859240746691737,0.442291049999534,-0.668379150361138,-2.17861840815063,-1.7128616197948,-0.478532722289919,-1.06907538384375,-1.2694502515919,-1.94500705841793,-1.24340802353725
19.7107436914818,0.171614504771323,0.0723451904809811,0.453227336325745,0.873499408825855,-0.708904376742641,0.236305758164726,0.612714907213829,0.092927269477007,0.0263797680614273,0.178920779475612,0.914587991819792,1.01726978516798,0.553635012191628,0.148337019362254,0.426669060574068,0.0713538963450946,0.11895582791049,-0.827559588898175,0.134374395486425,-0.707062539486654
25.9797751979001,-0.619134021610677,-0.554965140095486,0.252560898702554,0.0578006329623689,1.2783174138418,-0.659359393646986,0.391996032495467,-0.772775215606703,0.0478737404881927,-0.650095162954016,0.114091562523341,-0.0419437094481604,0.106906309280515,0.586221854807325,-0.866686408823291,-0.197789952577427,-0.94279818236146,-0.255701597008518,-0.804788552423658,-0.984305759021774
12.6298800575203,0.214377039151549,-0.0177677065906658,-0.346473407402637,-0.59497437681537,-0.281186052149859,0.60554044455216,0.0616303259737229,-0.373575143906468,0.26096545248117,0.172564326700325,-0.585839757982755,0.0877167052304494,0.865282351759065,-0.457595954781709,-0.82468524387297,0.384825406942587,0.103992126855978,0.0273050095110506,-0.142753577863477,0.450557028363715
25.530095410985,0.459705541618199,1.00755966947967,0.581554318980565,1.32270468748539,-0.650747463911899,0.6814847251352,0.883360720774723,1.20699654859272,0.578362855797192,0.28635289502284,0.58497819825996,0.424822602266958,-0.298126985414458,0.302540747735711,0.0400146393552512,1.00794487947585,-0.00793348879863891,0.230470649879142,0.88078143419545,0.0472637989020413
25.6192353611842,0.898759661157118,1.11618073771147,0.0180522238098962,0.495749316028185,0.381442677766619,1.03365650277492,0.537089453216939,0.679732024097402,-0.139029168296048,0.0962058613316425,0.2719216125567,-0.759619137720026,-0.124941204858088,0.344073319845321,0.466616536466205,0.153344430036948,0.794996432770073,-0.121031247964972,0.305750808993015,0.33364062113876
1.51928239691425,-1.37866463101611,-0.672355353726594,-1.05305557459253,-0.180642982875969,-4.21564917748099,-0.807291779880847,-1.01823840657075,-0.956298538811369,-1.31537122341433,-1.83656675846084,-0.412304090100947,0.242789408879093,-0.311664390817775,-1.10908398872348,-0.89718396766493,-1.51296571336328,-0.92616335812493,0.0944139500165795,-0.918025148732185,-0.105418724476615
11.1838001595176,-0.560538369764001,-0.93672612778259,-1.01276351501392,-1.00444497402043,-0.344848927019305,-1.07613504581107,-0.513668683272918,-1.21880196421246,-0.616433484891942,-1.11002614680714,-0.326116410675209,0.456258251174829,-0.309438253857811,0.166662219154985,-1.3392280764246,-1.52570543859611,-0.896899209749481,0.63364084706419,-0.640287763825075,-1.20488027639908
29.6576104884368,0.60668840721168,0.26419674765411,0.490689053495685,0.0180905314325179,1.27287806437558,0.809808603961359,-0.202999778574404,-0.308697617655677,0.348728306054187,1.05200319469403,-0.596892732643213,2.55990452513905,0.138536319697518,0.236209153862629,0.0644263742204426,0.10513364080327,0.0812422793760523,0.996366754718209,0.32355891347049,0.0527282853827711
18.8041280399891,-0.83122849616683,-0.655442116093954,-0.781713703982026,-0.833895151437688,-0.56214603197214,-1.26855574467806,-1.11783002994178,-0.61568574121319,-1.03804325086009,-0.408540703030263,-0.505856717481439,0.932764826210325,-0.284665410400507,-0.840821453415215,-0.821826072683985,-0.633930120511506,-0.567631379687564,0.284144663957849,-0.0212404090858648,-0.1454475901557
32.1307890177577,-0.648203116956661,-0.123994146684778,-0.859586227553915,0.181793694884575,1.04235166670468,-0.123289956001899,-0.224072120184803,-0.170663898048749,0.455623322987757,-0.0457997450574809,-0.017617138732971,1.06316448424504,-0.468308438299737,0.0881189340654158,-0.537420414474873,0.359660388374109,0.352164974891563,0.354102743657001,0.522854985169197,-0.433926427813894
25.9629596532061,0.793406395541757,0.700346233241738,2.11422481022713,1.0453254082594,-0.76588603245507,1.59484630791457,0.466610275524029,1.08212168858488,1.27571448530436,1.51981732400217,1.62693739637776,1.96053138759088,0.584775815576632,0.979628332434517,0.955466567937786,1.2013637787305,2.09734474470587,-1.84295674523832,1.09552311814379,2.07023008247411
9.74551611889393,-1.57698089181575,-1.23629579346294,-1.59692187757181,-1.85976714799342,-0.972309065576277,-0.987954810611447,-1.20130755039976,-1.10167967539938,-1.84052100086266,-1.31630651250109,-0.864421702236906,-0.533257936058376,-1.49105135456661,-1.4632839699356,-1.55672204986803,-1.07424158725403,-1.33792866818477,-0.179874633004907,-0.779565051074777,-0.764510435872831
18.5642017871418,1.49353591755957,0.619644839150642,-0.00100220277181276,0.486651348713382,-1.15805723084628,0.64738806372279,0.700824321734894,0.614795372099105,0.706925588870552,0.535273162343254,0.350334783331446,0.112928646522012,1.21967565670807,0.782853960620308,0.946913703161269,0.912736208949394,0.735330728797195,1.28525471253515,-0.234409380831862,0.113478867966368
